t,params,num_params,num_time_steps,error_bound,error_grad,resid,fidelity,true_error,true_to_euler_error,trained_to_euler_error,target_energy,trained_energy,energy_error,h_norm,h_squared,variance,dtdt_trained,re_im_grad
0.0,"[0.         0.         0.         0.         1.57079633 1.57079633
 0.         0.        ]",8,20,0.040000000000000153,0.800000000000003,3.542888763107565e-08,1.0,0.0,0.0,0.0,0j,0j,0j,,1.64,(1.64+0j),0.9999999850878534,0.9999999925439244
0.05,"[ 0.00000000e+00 -5.00000000e-08 -2.80000000e-07  1.00000000e-08
  1.57079633e+00  1.57079638e+00  1.00000000e-08  1.00000000e-01]",8,20,0.07980016661591877,0.7960033323183722,1.1476953678295194e-07,0.99840085,0.03999733,0.002863356453152164,0.04001952377352647,0j,(-0+0j),(-0+0j),,1.6400000000579298,(1.6400000000579298+4.000432536940359e-26j),1.0063786794815506,1.0063786872387637
0.1,"[-3.00000000e-08 -1.20000000e-07 -6.80000000e-07  1.00000000e-08
  1.57878300e+00  1.57079645e+00 -1.00000000e-08  2.00000000e-01]",8,20,0.1186035003436113,0.7760666745538507,8.527083535562316e-08,0.9937242,0.07928229,0.008268593886510215,0.07961531736145931,-0j,(2e-08+0j),(2e-08+0j),,1.627476179313811,(1.6274761793138106+0j),1.0251966797723862,1.0251966878665624
0.15000000000000002,"[-9.00000000e-08 -1.90000000e-07 -1.24000000e-06  2.00000000e-08
  1.59467655e+00  1.57079651e+00 -1.00000000e-08  2.99996810e-01]",8,20,0.155623100174115,0.7403919966100734,4.611810310863738e-07,0.98636731,0.11695928,0.016161000574055118,0.11797038053834974,0j,(7e-08+0j),(7e-08+0j),,1.6035016020785064,(1.603501602078501+0j),1.0553212767847546,1.055321285109505
0.2,"[-2.60000000e-07 -2.60000000e-07 -2.00000000e-06  3.00000000e-08
  1.61831792e+00  1.57079660e+00 -4.00000000e-08  3.99968300e-01]",8,20,0.19009084842629306,0.6893549650435616,8.850732829885915e-07,0.97697918,0.15216718,0.02640284443397605,0.15428323711603545,0j,(1.5e-07+0j),(1.5e-07-0j),,1.5699929634852487,(1.569992963485227+0j),1.0947826784883028,1.0947826870716706
0.25,"[-5.50000000e-07 -3.30000000e-07 -2.98000000e-06  4.00000000e-08
  1.64946905e+00  1.57079671e+00 -7.00000000e-08  4.99855400e-01]",8,20,0.22126734396160055,0.6235299107061498,1.4322447836181765e-06,0.96639445,0.18409978,0.038787939491204695,0.1877789381623832,0j,(2.7e-07+0j),(2.7e-07-0j),,1.5296383083033096,(1.529638308303238+0j),1.1408487411442896,1.1408487499511901
0.30000000000000004,"[-1.02000000e-06 -4.50000000e-07 -4.20000000e-06  5.00000000e-08
  1.68781294e+00  1.57079679e+00 -8.00000000e-08  5.99546090e-01]",8,20,0.2484535297246404,0.5437237152607969,2.0969731491233016e-06,0.95554847,0.2120302,0.05305115404918311,0.21772243053883353,0j,(5.1e-07+0j),(5.1e-07+0j),,1.48577978226934,(1.4857797822690793-5.668543674793932e-23j),1.1901442857574664,1.1901442947449012
0.35000000000000003,"[-1.66000000e-06 -6.20000000e-07 -6.07000000e-06  5.00000000e-08
  1.73295436e+00  1.57079698e+00 -3.00000000e-08  6.98862230e-01]",8,20,0.2710041011187358,0.45101142788190796,3.100639301524751e-06,0.94538153,0.23534093,0.0688795258981219,0.2434350320074725,0j,(7e-07+0j),(7e-07+0j),,1.4422388283438372,(1.442238828343342+0j),1.2388275019768948,1.2388275111203273
0.4,"[-2.55000000e-06 -8.70000000e-07 -8.11000000e-06  1.00000000e-08
  1.78442213e+00  1.57079709e+00  1.00000000e-07  7.97550340e-01]",8,20,0.2883423436181738,0.3467648499887598,3.930310590223303e-06,0.9367404,0.25356064,0.0859257880944969,0.26431437825886656,0j,(1.05e-06+0j),(1.05e-06+0j),,1.4030765119196824,(1.4030765119185866+0j),1.2828306318521068,1.2828306412920312
0.45,"[-3.56000000e-06 -1.00000000e-06 -1.02700000e-05 -7.00000000e-08
  1.84167391e+00  1.57079722e+00  3.40000000e-07  8.95277210e-01]",8,20,0.29997558822585885,0.23266489215370095,4.334800669474173e-06,0.93028563,0.26640887,0.10382427360810209,0.2798578488009135,0j,(1.14e-06-0j),(1.14e-06-0j),,1.372293368865123,(1.3722933688638308+1.262096518267869e-22j),1.3181603974352851,1.3181604071297575
0.0,"[0.         0.         0.         0.         1.57079633 1.57079633
 0.         0.        ]",8,20,0.04002390609244436,0.8004781218488872,0.014340433960097093,1.0,0.0,0.0,0.0,0j,0j,0j,,1.64,(1.64+0j),0.9542984312286575,0.9767666038349677
0.05,"[-7.48470000e-04 -3.78710000e-04  0.00000000e+00  0.00000000e+00
  1.57004785e+00  1.57041762e+00 -7.48470000e-04  9.76766600e-02]",8,20,0.07989637616993298,0.7974494015497721,0.014836241157293262,0.998396,0.04005796,0.002863356453152164,0.0400603406749046,0j,(0.00129551+0j),(0.00129551+0j),,1.6411923019026697,(1.641190623551752-1.7978838365078036e-20j),0.9584499940031498,0.981858373936865
0.1,"[-1.59503000e-03 -8.07490000e-04 -3.00000000e-08 -3.69800000e-05
  1.57694847e+00  1.56999400e+00 -1.45607000e-03  1.95323150e-01]",8,20,0.11885640273978232,0.779200531396987,0.015336215921469233,0.99369334,0.07947728,0.00834535762839908,0.07976126543673,-0j,(0.00262565+0j),(0.00262565+0j),,1.6303458295179625,(1.6303389354645244-7.287650912248473e-20j),0.9741069458462831,0.9986496536174493
0.15000000000000002,"[-2.51940000e-03 -1.29712000e-03 -1.80000000e-07 -1.15800000e-04
  1.59142548e+00  1.56953107e+00 -2.10903000e-03  2.92940270e-01]",8,20,0.156152721479058,0.7459263747855137,0.015856566175541233,0.98626425,0.11740217,0.016399036782382546,0.11832478996789342,0j,(0.00395239+0j),(0.00395239+0j),,1.6084067019954724,(1.608391080613797-4.38803367289895e-19j),1.000265281285125,1.0261329133399695
0.2,"[-3.49923000e-03 -1.85989000e-03 -5.90000000e-07 -2.42370000e-04
  1.61333167e+00  1.56903479e+00 -2.69504000e-03  3.90511150e-01]",8,20,0.191051847066583,0.6979825117505,0.01640981289100742,0.97672468,0.15301122,0.026896918560281702,0.15498843201116214,0j,(0.00523797+0j),(0.00523797-0j),,1.5770956302130872,(1.5770681939318985-2.9076548764711443e-19j),1.0351772492634481,1.0625466463834992
0.25,"[-4.51084000e-03 -2.50882000e-03 -1.44000000e-06 -4.23660000e-04
  1.64244554e+00  1.56851136e+00 -3.20388000e-03  4.87985130e-01]",8,20,0.22284731131364185,0.6359092849411766,0.017006956802766985,0.96587241,0.18553712,0.039645384591737554,0.18901571135829853,0j,(0.00644733+0j),(0.00644733-0j),,1.5388443347528387,(1.5388027667494055+0j),1.076407503446865,1.1054356097626525
0.30000000000000004,"[-5.53020000e-03 -3.25696000e-03 -2.96000000e-06 -6.67710000e-04
  1.67847139e+00  1.56796693e+00 -3.62847000e-03  5.85262990e-01]",8,20,0.2508706345339675,0.5604664644065133,0.01765366084444572,0.95460721,0.21429023,0.05439360055994922,0.21970883270985628,0j,(0.0075502+0j),(0.0075502+0j),,1.4966939825354726,(1.4966369770000614+0j),1.1209505652189402,1.1517609450150377
0.35000000000000003,"[-6.53368000e-03 -4.11650000e-03 -5.34000000e-06 -9.83390000e-04
  1.72104021e+00  1.56740752e+00 -3.96551000e-03  6.82185290e-01]",8,20,0.27450449116266545,0.4726771325739585,0.018352529657324576,0.94384051,0.23868708,0.07084389757553008,0.24642420017140543,0j,(0.00852203+0j),(0.00852203+0j),,1.454144164673806,(1.4540715396627324+0j),1.1653792880191087,1.1980498905172876
0.4,"[-7.49891000e-03 -5.09798000e-03 -8.78000000e-06 -1.37997000e-03
  1.76971199e+00  1.56683878e+00 -4.21612000e-03  7.78523960e-01]",8,20,0.29319889790695225,0.3738881348857357,0.019098536340075446,0.93440241,0.25828497,0.08866439731679379,0.2685911844159456,0j,(0.00934397+0j),(0.00934397+0j),,1.414946229748681,(1.4148589200185557-1.0373887948024916e-18j),1.2060707714294532,1.2406123318849
0.45,"[-8.40515000e-03 -6.20946000e-03 -1.33800000e-05 -1.86661000e-03
  1.82398074e+00  1.56626598e+00 -4.38612000e-03  8.73978830e-01]",8,20,0.30649445785800633,0.2659111990210813,0.019883182065992655,0.92695387,0.27282338,0.10750388388452992,0.2857341163294753,0j,(0.01000171+0j),(0.01000171+0j),,1.3828430353349705,(1.3827430012307396-1.1104123249989486e-18j),1.2394502033362504,1.275792236453196
0.5,"[-9.23374000e-03 -7.45586000e-03 -1.91600000e-05 -2.45155000e-03
  1.88328214e+00  1.56569385e+00 -4.48632000e-03  9.68178360e-01]",8,20,0.3140825628594938,0.15176210002974935,0.0206938816821456,0.9219109,0.28227341,0.12700860778759385,0.2974975585250795,-0j,(0.01048393+0j),(0.01048393+0j),,1.3612720692402758,(1.361162156366773+0j),1.2622798952889578,1.3002601147618968
0.55,"[-9.96841000e-03 -8.83842000e-03 -2.60000000e-05 -3.14130000e-03
  1.94700468e+00  1.56512649e+00 -4.53302000e-03  1.06068544e+00]",8,20,0.3165277297441365,0.04890333769285426,0.02150865704445602,0.91938691,0.28689644,0.14684058003884273,0.30367499681935467,-0j,(0.01078055+0j),(0.01078055+0j),,1.3530614771008254,(1.3529452568094276+0j),1.271965839327921,1.3113178899956226
0.6000000000000001,"[-1.05952200e-02 -1.03541700e-02 -3.37000000e-05 -3.93965000e-03
  2.01450471e+00  1.56456737e+00 -4.54821000e-03  1.15100859e+00]",8,20,0.32215171607765636,0.11247972667039643,0.022301257566970302,0.91915871,0.28731256,0.16669674728818135,0.3042418369368385,0j,(0.01088103+0j),(0.01088103+0j),,1.3601594689533791,(1.360041072087122+0j),1.2667883569131273,1.3071480684773296
0.65,"[-1.11028900e-02 -1.19956600e-02 -4.19400000e-05 -4.84681000e-03
  2.08512387e+00  1.56401931e+00 -4.56078000e-03  1.23861657e+00]",8,20,0.3339333196729447,0.2356320719057675,0.023036656391502222,0.92066028,0.28457673,0.18632829909788734,0.2993959178825765,0j,(0.01077347-0j),(0.01077347-0j),,1.3834402455806027,(1.3833241778622754+1.1960957668772824e-18j),1.2460910784691053,1.2870044253695516
0.7000000000000001,"[-1.14829700e-02 -1.37507000e-02 -5.03500000e-05 -5.85858000e-03
  2.15820908e+00  1.56348461e+00 -4.60789000e-03  1.32295652e+00]",8,20,0.3519885569561577,0.36110474566425976,0.02367287596820773,0.9230082,0.28024884,0.20555934355619018,0.28961170916602896,0j,(0.01044417+0j),(0.01044417+0j),,1.4226204290458888,(1.4225113484561083+0j),1.2103399631452656,1.2512818774249523
0.75,"[-1.17305300e-02 -1.56023500e-02 -5.85600000e-05 -6.96583000e-03
  2.23313309e+00  1.56296517e+00 -4.73747000e-03  1.40347339e+00]",8,20,0.3761980358401715,0.4841895776802753,0.02416754426631909,0.92505937,0.27641682,0.22430402915146416,0.2757199600609937,0j,(0.00987761+0j),(0.00987761+0j),,1.4763023446208094,(1.4762047774834344+0j),1.1610454046624425,1.2014541010745243
0.8,"[-1.18454600e-02 -1.75291900e-02 -6.62300000e-05 -8.15412000e-03
  2.30931358e+00  1.56246265e+00 -5.01258000e-03  1.47962842e+00]",8,20,0.406319207305212,0.6024234293008098,0.0244721841551124,0.92549879,0.27558946,0.24258107308111024,0.25903018528562155,0j,(0.00905626-0j),(0.00905626-0j),,1.542135987401647,(1.5420539715172106+1.0054470774775403e-18j),1.1006186362597705,1.139920317745435
0.8500000000000001,"[-1.18342100e-02 -1.95057500e-02 -7.31100000e-05 -9.40386000e-03
  2.38623077e+00  1.56197878e+00 -5.51706000e-03  1.55091662e+00]",8,20,0.4420153712905827,0.713923279707415,0.024540694155386365,0.92295101,0.28035509,0.26052441566047885,0.24150875840824332,0j,(0.00795987+0j),(0.00795987+0j),,1.6170710113638456,(1.6170076518184275+0j),1.0320936002167946,1.0697390811362242
0.9,"[-1.17127500e-02 -2.15033000e-02 -7.90200000e-05 -1.06906600e-02
  2.46344059e+00  1.56151560e+00 -6.36460000e-03  1.61688014e+00]",8,20,0.482875422693338,0.8172010280551055,0.024318956575907213,0.91610353,0.29281059,0.2783882440345145,0.22597953204817117,0j,(0.0065636+0j),(0.0065636-0j),,1.6976536877594717,(1.697610606861781+0j),0.9588725934643236,0.994354380484737
0.9500000000000001,"[-1.15099600e-02 -2.34907700e-02 -8.39000000e-05 -1.19861200e-02
  2.54058470e+00  1.56107608e+00 -7.70921000e-03  1.67711865e+00]",8,20,0.5284316720027199,0.9111249861876387,0.02374278312304276,0.90382907,0.31401119,0.2965443435891512,0.2161498418680038,0j,(0.0048363+0j),(0.0048363+0j),,1.7803238011625517,(1.7803004113235616+0j),0.884435530349617,0.917305295528372
1.0,"[-1.12723100e-02 -2.54358100e-02 -8.77200000e-05 -1.32589000e-02
  2.61739565e+00  1.56066496e+00 -9.75390000e-03  1.73129531e+00]",8,20,0.5284316720027199,,0.02374278312304276,0.88529163,0.34380409,0.3154695142852565,0.21601180729721392,0j,(0.00274088+0j),(0.00274088+0j),,,,,
0,"[0.         0.         0.         0.         1.57079633 1.57079633
 0.         0.        ]",8,20,,,1.2450415328464397,0.02868050553278064,1.0,0.0,,,0.0,0.0,0.0,,1.6400000000000008,1.6400000000000008,3.817196020211657,1.9535338008495229
0.05,"[-1.49693000e-03 -7.57410000e-04  0.00000000e+00  0.00000000e+00
  1.56929940e+00  1.57003892e+00 -1.49693000e-03  1.95353380e-01]",8,20,,,1.2349622979339951,0.0417191611068316,0.9961221,0.11510506,,,0.0,0.00245936,0.00245936,,1.6423513082946886,1.6423452598227286,3.855881908166538,1.9865506695714064
0.1,"[-4.29963000e-03 -2.20827000e-03 -2.60000000e-07 -1.47160000e-04
  1.59731733e+00  1.56863000e+00 -3.76591000e-03  3.89650460e-01]",8,20,,,1.1997731669825271,0.061893514158893964,0.98513106,0.22741717,,,0.0,0.00629679,0.00629679,,1.6007658981503938,1.6007262485880926,4.0314116265861095,2.0963609362626103
0.15000000000000002,"[-8.82766000e-03 -4.79371000e-03 -2.83000000e-06 -5.72750000e-04
  1.65309026e+00  1.56631270e+00 -7.04890000e-03  5.82375510e-01]",8,20,,,1.1444776358660664,0.08840905583235004,0.96859775,0.33508207,,,0.0,0.01132654,0.01132654,,1.530216176057023,1.5300878855886602,4.282535861641184,2.251461489350313
0.2,"[-1.53308500e-02 -9.05533000e-03 -1.53000000e-05 -1.48461000e-03
  1.73375506e+00  1.56287200e+00 -1.15959700e-02  7.72590050e-01]",8,20,,,1.081374149595201,0.11751421232970696,0.94871116,0.43626499,,,0.0,0.01665771,0.01665771,,1.4542791523313567,1.4540016731383938,4.531232413853427,2.40807075738602
0.25,"[-2.36556700e-02 -1.55013100e-02 -5.55400000e-05 -3.17079000e-03
  1.83565815e+00  1.55826430e+00 -1.75724200e-02  9.58783370e-01]",8,20,,,1.0305099131454163,0.14204882098427477,0.92796452,0.52925154,,,0.0,0.02061958,0.02061958,,1.399744807471294,1.3993196402454031,4.706578560747233,2.522186343563777
0.3,"[-3.30472900e-02 -2.43846100e-02 -1.45690000e-04 -5.96440000e-03
  1.95478776e+00  1.55276948e+00 -2.48947000e-02  1.13896364e+00]",8,20,,,1.0146348136640566,0.15315369949843793,0.90874899,0.61273872,,,0.0,0.02120825,0.02120825,,1.3898110578769227,1.389361268076731,4.760775720342245,2.5605514865600365
0.35,"[-4.21588200e-02 -3.54836000e-02 -2.76750000e-04 -1.01579300e-02
  2.08722001e+00  1.54707142e+00 -3.30110500e-02  1.31086104e+00]",8,20,,,1.0473018285230784,0.1445661288028575,0.89294562,0.68619681,,,0.0,0.01708513,0.01708513,,1.437950155600899,1.437658254004019,4.670472208947512,2.5057906222603137
0.39999999999999997,"[-4.93930700e-02 -4.80395000e-02 -3.59980000e-04 -1.58811100e-02
  2.22938154e+00  1.54214814e+00 -4.07035700e-02  1.47202068e+00]",8,20,,,1.1235586510488649,0.1174156656265477,0.88165717,0.7501099,,,0.0,0.00859212,0.00859212,,1.5446618705797457,1.544588046082534,4.429442174978622,2.3558600016058113
0.44999999999999996,"[-5.34752700e-02 -6.09530100e-02 -2.46240000e-04 -2.29835000e-02
  2.37801777e+00  1.53893278e+00 -4.60211000e-02  1.61967717e+00]",8,20,,,1.2237812822469851,0.08196529271298691,0.87514779,0.80594562,,,0.0,-0.002095,-0.002095,,1.697769124522695,1.697764735483218,4.0464276650779984,2.123278081411309
0.49999999999999994,"[-5.38633300e-02 -7.31659400e-02  1.47570000e-04 -3.09765700e-02
  2.53001904e+00  1.53788497e+00 -4.63812100e-02  1.75058639e+00]",8,20,,,1.3250533043325392,0.05485366379322611,0.87294499,0.85586133,,,0.0,-0.01201175,-0.01201175,,1.8755611265278733,1.8754168443428898,3.5528069997683485,1.8363009334868208
0.5499999999999999,"[-5.05739100e-02 -8.39991400e-02  7.23140000e-04 -3.90802700e-02
  2.68241462e+00  1.53873268e+00 -3.89020700e-02  1.86111850e+00]",8,20,,,1.4004735307998595,0.052147793138982775,0.87402606,0.90221049,,,0.0,-0.01885621,-0.01885621,,2.0519658183298115,2.0516102617029137,2.9535248609203166,1.5220822843895516
0.6,"[-4.41783000e-02 -9.34316600e-02  1.03720000e-03 -4.62826700e-02
  2.83138919e+00  1.54024374e+00 -2.55880000e-02  1.94669346e+00]",8,20,,,1.4588113396127431,0.055677926494105384,0.87733493,0.94294252,,,0.0,-0.02317626,-0.02317626,,2.2009016853877306,2.200364546513303,2.439834355584084,1.2563027581945443
0.65,"[-3.38126900e-02 -1.01188860e-01  1.06339000e-03 -5.17955100e-02
  2.97628537e+00  1.54169292e+00 -1.23918500e-02  2.00561995e+00]",8,20,,,1.4917560429502066,0.06247308191772157,0.88108251,0.9736544,,,0.0,-0.0249165,-0.0249165,,2.3065493904748524,2.3059285585266034,2.0379024178539042,1.0595578583251488
0.7000000000000001,"[-2.01336100e-02 -1.06740480e-01  9.53820000e-04 -5.49592500e-02
  3.11609823e+00  1.54256154e+00 -8.91125000e-03  2.03691305e+00]",8,20,,,1.5144608541546762,0.06317414247428775,0.88371678,0.9868485,,,0.0,-0.02413651,-0.02413651,,2.360655946899903,2.3600733756083123,1.8940936566269087,0.9805789623799498
0.7500000000000001,"[-4.37487000e-03 -1.09219360e-01  8.70990000e-04 -5.55411500e-02
  3.25436204e+00  1.54321804e+00 -8.75136000e-03  2.04245021e+00]",8,20,,,1.5124428046152572,0.06539763461461517,0.88282001,0.98899819,,,0.0,-0.0205788,-0.0205788,,2.364193971332749,2.3637704844238,1.9108772833194345,0.9937940087098595
0.8000000000000002,"[ 1.19220000e-02 -1.08522300e-01  8.60150000e-04 -5.33315100e-02
  3.39192240e+00  1.54340853e+00 -7.25215000e-03  2.02236030e+00]",8,20,,,1.4960861108511552,0.06997659950626792,0.87704566,0.98440875,,,0.0,-0.016512,-0.016512,,2.3181928015732742,2.3179201555932645,2.1427183407732344,1.111318745632387
0.8500000000000002,"[ 2.97144200e-02 -1.04433610e-01  8.57690000e-04 -4.84488100e-02
  3.53188406e+00  1.54340091e+00 -6.08720000e-04  1.97754000e+00]",8,20,,,1.4497928204788888,0.08456318188099775,0.86491171,0.97723544,,,0.0,-0.01284955,-0.01284955,,2.226964952017374,2.226799840955458,2.4681133215301974,1.2965895256177196
0.9000000000000002,"[ 4.92346100e-02 -9.68664500e-02  7.43100000e-04 -4.13021000e-02
  3.67352988e+00  1.54336288e+00  8.36407000e-03  1.90928650e+00]",8,20,,,1.399897647709045,0.1035877681349861,0.84651291,0.96613544,,,0.0,-0.01040056,-0.01040056,,2.0991616206812393,2.0990534489430637,2.9988344206129467,1.5691413086164343
0.9500000000000003,"[ 7.21500400e-02 -8.50731400e-02  3.40180000e-04 -3.25489200e-02
  3.82063528e+00  1.54403248e+00  1.84752500e-02  1.81905737e+00]",8,20,,,1.3352460874095669,0.12533361876823781,0.82152069,0.95160584,,,0.0,-0.00853111,-0.00853111,,1.9468673090237891,1.9467945292004725,3.6122745787763453,1.8881298869287888
0,"[0.         0.         0.         0.         1.57079633 1.57079633
 0.         0.        ]",8,20,,,0.8004781194769772,0.5116857590506857,1.0,0.0,,,0.0,0.0,0.0,,1.6400000000000008,1.6400000000000008,0.954298543806737,0.9767666620226699
0.05,"[-7.48470000e-04 -3.78710000e-04 -0.00000000e+00 -0.00000000e+00
  1.57004785e+00  1.57041762e+00 -7.48470000e-04  9.76766700e-02]",8,20,,,0.7976404717415301,0.5150463039649972,0.998396,0.06286828,,,0.0,0.00129551,0.00129551,,1.6411922990183008,1.6411906206755715,0.9534545284732142,0.9792082526657321
0.1,"[-1.84135000e-03 -9.31940000e-04 -3.00000000e-08 -3.68900000e-05
  1.57670223e+00  1.56986936e+00 -1.70229000e-03  1.95076930e-01]",8,20,,,0.7800086245104844,0.5219973490759068,0.993689,0.12507588,,,0.0,0.00302916,0.00302916,,1.6307325294963515,1.6307233537051578,0.9618384446904049,0.9920787599380093
0.15000000000000002,"[-3.35302000e-03 -1.72050000e-03 -2.30000000e-07 -1.27330000e-04
  1.59059403e+00  1.56910996e+00 -2.90260000e-03  2.92127750e-01]",8,20,,,0.7480327656218382,0.5322849102108184,0.98623659,0.1859634,,,0.0,0.00523994,0.00523994,,1.6096765195636213,1.609649062566212,0.978057354225493,1.0140904276726292
0.2,"[-5.35802000e-03 -2.81811000e-03 -9.60000000e-07 -2.93550000e-04
  1.61147439e+00  1.56809466e+00 -4.39639000e-03  3.88734820e-01]",8,20,,,0.7024029855899818,0.5454158347958654,0.97662548,0.24492165,,,0.0,0.0079318,0.0079318,,1.5798100898903333,1.579747176416151,1.000156669795891,1.043298402760252
0.25,"[-7.92395000e-03 -4.30994000e-03 -2.99000000e-06 -5.64190000e-04
  1.63901749e+00  1.56677858e+00 -6.23516000e-03  4.84772570e-01]",8,20,,,0.6440860210259414,0.5606857905146932,0.96560577,0.30141382,,,0.0,0.01105731,0.01105731,,1.5435460873383005,1.5434238232309516,1.0258457756582227,1.0772725302577468
0.3,"[-1.11017400e-02 -6.28881000e-03 -7.81000000e-06 -9.74970000e-04
  1.67283065e+00  1.56512137e+00 -8.47193000e-03  5.80079970e-01]",8,20,,,0.574381965454477,0.5772196223064163,0.95401028,0.35499539,,,0.0,0.01450256,0.01450256,,1.50378158503706,1.5035712607134697,1.0527192449704312,1.1132930938840715
0.35,"[-1.49144500e-02 -8.84886000e-03 -1.79100000e-05 -1.56854000e-03
  1.71246782e+00  1.56309328e+00 -1.11568000e-02  6.74460860e-01]",8,20,,,0.49502307868183293,0.5940028238706239,0.94266786,0.40532997,,,0.0,0.01807818,0.01807818,,1.4637175426357714,1.4633907219822517,1.0785100239734764,1.148589859090804
0.39999999999999997,"[-1.93456200e-02 -1.20765900e-02 -3.69200000e-05 -2.39357000e-03
  1.75744713e+00  1.56068239e+00 -1.43304500e-02  7.67690210e-01]",8,20,,,0.4084056979425703,0.6099231382876601,0.93232051,0.45220089,,,0.0,0.02152052,0.02152052,,1.4266487590078447,1.4261856260908174,1.101277890415709,1.180565717655798
0.44999999999999996,"[-2.43292100e-02 -1.60401600e-02 -6.93000000e-05 -3.50275000e-03
  1.80727076e+00  1.55790207e+00 -1.80158600e-02  8.59523810e-01]",8,20,,,0.3182775440095131,0.6238242650588497,0.92355216,0.49551776,,,0.0,0.02450751,0.02450751,,1.3957422291533872,1.3951416109886479,1.1195206956532666,1.2069811648929631
0.49999999999999994,"[-2.97436900e-02 -2.07781900e-02 -1.19180000e-04 -4.94963000e-03
  1.86144521e+00  1.55479727e+00 -2.22086600e-02  9.49709390e-01]",8,20,,,0.23213297250161752,0.6345840655229293,0.91673477,0.53531857,,,0.0,0.02669066,0.02669066,,1.3738268287985766,1.3731144374819724,1.1321726621390065,1.2260568870075732
0.5499999999999999,"[-3.54127400e-02 -2.62900800e-02 -1.88050000e-04 -6.78465000e-03
  1.91949865e+00  1.55144810e+00 -2.68672000e-02  1.03799554e+00]",8,20,,,0.16956044287124106,0.6412037180038466,0.91199384,0.57176848,,,0.0,0.02774114,0.02774114,,1.363217040096823,1.3624474692627784,1.1385556008208533,1.2365109485654924
0.6,"[-4.11135400e-02 -3.25298000e-02 -2.71740000e-04 -9.05040000e-03
  1.98099384e+00  1.54796937e+00 -3.19031300e-02  1.12413724e+00]",8,20,,,0.1698126104241522,0.6429239860327367,0.90919284,0.60515704,,,0.0,0.0274029,0.0274029,,1.365585640056076,1.3648347213541794,1.1382182289028062,1.2374837731499087
0.65,"[-4.65939400e-02 -3.94050600e-02 -3.57620000e-04 -1.17768200e-02
  2.04553231e+00  1.54450460e+00 -3.71749500e-02  1.20789344e+00]",8,20,,,0.23624843360317535,0.6393246216295583,0.90793343,0.63589265,,,0.0,0.02554278,0.02554278,,1.3818904622399797,1.3812380284259467,1.1308005740233715,1.2284388569416986
0.7000000000000001,"[-5.15964300e-02 -4.67826600e-02 -4.23640000e-04 -1.49764500e-02
  2.11275013e+00  1.54121434e+00 -4.24859100e-02  1.28901746e+00]",8,20,,,0.3318501623456564,0.6303753375056739,0.90756847,0.66449263,,,0.0,0.02218523,0.02218523,,1.4123475861094514,1.4118554017562015,1.115989552583194,1.2091063042219035
0.7500000000000001,"[-5.58846100e-02 -5.44994200e-02 -4.40700000e-04 -1.86404500e-02
  2.18230794e+00  1.53826025e+00 -4.75858900e-02  1.36724374e+00]",8,20,,,0.43706539186497484,0.616449824193237,0.90722713,0.69156566,,,0.0,0.01752123,0.01752123,,1.4564397967131304,1.456132803239241,1.0934669281874787,1.1794402840672624
0.8000000000000002,"[-5.92680900e-02 -6.23773100e-02 -3.78630000e-04 -2.27355000e-02
  2.25387608e+00  1.53578632e+00 -5.21784900e-02  1.44227166e+00]",8,20,,,0.5445782985525336,0.5982614236445369,0.9058531,0.71778101,,,0.0,0.01188706,0.01188706,,1.5129500195412289,1.5128087173554483,1.062994412124263,1.1396894542055596
0.8500000000000002,"[-6.16190800e-02 -7.02402300e-02 -2.14230000e-04 -2.72022500e-02
  2.32712109e+00  1.53390083e+00 -5.59308300e-02  1.51375324e+00]",8,20,,,0.6507930098973651,0.5767443879393781,0.90226042,0.74382367,,,0.0,0.005716,0.005716,,1.5800175002988257,1.5799848276843385,1.0245856495334418,1.0905358040504978
0.9000000000000002,"[-6.28753000e-02 -7.79291300e-02  6.15000000e-05 -3.19557700e-02
  2.40169879e+00  1.53266249e+00 -5.84829900e-02  1.58128979e+00]",8,20,,,0.7533118806132022,0.5529385672645581,0.89521181,0.77033935,,,0.0,-0.00052484,-0.00052484,,1.6552239585244997,1.6552236830653169,0.9786230343180252,1.0331841016847627
0.9500000000000003,"[-6.30287800e-02 -8.53135700e-02  4.39040000e-04 -3.68880100e-02
  2.47725376e+00  1.53207249e+00 -5.94596400e-02  1.64443644e+00]",8,20,,,0.850220162021025,0.5278729339952779,0.88351862,0.79787376,,,0.0,-0.00639801,-0.00639801,,1.7357146917866964,1.735673757296593,0.9260168828880972,0.9694286253838678
0,"[0.         0.         0.         0.         1.57079633 1.57079633
 0.         0.        ]",8,20,,,3.000427462988926,0.7289838089496516,1.0,0.0,,,0.0,0.0,0.0,,11.0,11.0,1.8796898304200467,1.9385624348809412
0.05,"[-1.49698000e-03 -7.57440000e-04 -0.00000000e+00 -0.00000000e+00
  1.56929935e+00  1.57003889e+00  9.69281200e-02  9.69281200e-02]",8,20,,,2.9974665207564106,0.7371026451084653,0.97768784,0.17792045,,,-0.0,-0.00148306,-0.00148306,,11.021697224480366,11.021695025017557,1.9089913929008415,1.9729415371628327
0.1,"[ 1.59769300e-02 -1.56000000e-03 -9.00000000e-08 -7.34500000e-05
  1.56772352e+00  1.56923398e+00  1.93903570e-01  1.93899320e-01]",8,20,,,3.003027685681366,0.8306372645262998,0.91323666,0.35322305,,,-0.0,0.05396339,0.05396339,,11.0434910968072,11.040579048867352,1.6179475178835887,1.8216316668610042
0.15000000000000002,"[ 4.41876600e-02 -6.62090000e-03 -6.35500000e-05 -2.08320000e-04
  1.55792664e+00  1.56433590e+00  2.80367370e-01  2.80353660e-01]",8,20,,,3.031634137315296,1.072036143014354,0.81411812,0.51798158,,,0.0,0.15711761,0.15711761,,11.071523027399572,11.046837083904162,1.2496585283519979,1.5651880066080555
0.2,"[ 7.31670100e-02 -2.04993000e-02 -9.93290000e-04 -6.73110000e-04
  1.53189542e+00  1.55162728e+00  3.50583860e-01  3.50545990e-01]",8,20,,,3.1130123562229346,1.4751749914875512,0.69177124,0.66771251,,,0.0,0.29334824,0.29334824,,11.106609559489018,11.02055637126635,1.1538294046720334,1.2847965170821913
0.25,"[ 0.09289843 -0.04778255 -0.00409318 -0.00178058  1.48243859  1.52804376
  0.40460755  0.40449216]",8,20,,,3.238989542564346,2.01666441626105,0.55877837,0.80270037,,,0.0,0.45277272,0.45277272,,11.15091288747472,10.945909749423606,1.4860576116564284,1.072958621144979
0.3,"[ 0.09551678 -0.09077389 -0.00511561 -0.00376445  1.40930777  1.49210735
  0.44634819  0.44589692]",8,20,,,3.331780364883428,2.6435207956596645,0.42614283,0.92641446,,,0.0,0.63453718,0.63453718,,11.208291247817142,10.805653809234872,2.180369979322312,1.1439504136583531
0.35,"[ 0.08018874 -0.14792944 -0.00527492 -0.00725789  1.31795044  1.44425841
  0.48647527  0.48411052]",8,20,,,3.435867886619336,3.4270069209896383,0.30549989,1.04217883,,,0.0,0.85181298,0.85181298,,11.28352046934939,10.557935110134634,3.5208471144383786,1.4995897247428722
0.39999999999999997,"[ 0.04178366 -0.2215114  -0.0052048  -0.01337463  1.20093949  1.38116738
  0.53245924  0.52466194]",8,20,,,3.7174021046673693,4.513882586041999,0.20938578,1.1484849,,,0.0,1.13571928,1.13571928,,11.377782376241832,10.08792408305006,6.785982833576324,2.1723434010163842
0.44999999999999996,"[-0.04236371 -0.31863362 -0.00537131 -0.02421181  1.03157874  1.29283955
  0.59001524  0.57121847]",8,20,,,4.707169692608057,6.178844100798662,0.14927321,1.24049351,,,0.0,1.54169216,1.54169216,,11.485736981790367,9.108922251132174,17.397148344583513,3.3627194056830265
0.49999999999999994,"[-0.24975956 -0.44445937 -0.00312407 -0.0449562   0.73469862  1.15253807
  0.66530454  0.62926392]",8,20,,,4.669152823745894,8.364986674042434,0.13975227,1.30877809,,,0.0,2.1759949,2.1759949,,11.558950383860306,6.823996591052105,32.3490849829679,11.053523637666977
0.5499999999999999,"[-0.59055606 -0.54045094  0.06881098 -0.08468849  0.3404295   0.9165501
  0.7977829   0.72054281]",8,20,,,1000,9.130248154705122,0.21297382,1.34386049,,,0.0,2.81727358,2.81727358,,11.276131501784889,3.3391010499370166,30.602062589428147,22.715312774538802
0.6,"[-0.85817944 -0.60260322  0.2271321  -0.02577258  0.09676413  0.62382728
  0.97287613  0.78610787]",8,20,,,1000,5.85293913100077,0.3510137,1.39401335,,,-0.0,2.88081407,2.88081407,,10.531923158809786,2.2328334654978175,97.62156236580896,139.1768806905896
0.65,"[-0.86976031 -0.55040361  0.04029659  1.73712658  0.18078314  0.38526331
  0.62560753  2.35957643]",8,20,,,1000,5.488143916596241,0.23154141,1.48160257,,,0.0,2.2342933,2.2342933,,9.962339709140705,4.970273171461639,22.629130023690692,28.221255021767
0.7000000000000001,"[-0.9210502  -0.58831234  0.18367788  2.10009621 -0.19437934  0.45368267
  0.70639457  2.54976534]",8,20,,,1000,4.2203963708248375,0.24935072,1.54386201,,,0.0,1.96697322,1.96697322,,9.640444185500852,5.771460547756173,21.537814607107677,28.14882434813199
0.7500000000000001,"[-0.80285491 -0.5422321   0.15410208  2.62395398 -0.57100078  0.54660073
  0.85066792  2.65137195]",8,20,,,2.631954703846457,4.430986965382106,0.27204996,1.58534773,,,0.0,1.72089551,1.72089551,,9.571489234281884,6.61000787973053,0.9022507853647808,1.7732772282735874
0.8000000000000002,"[-0.81283371 -0.55792363  0.15098169  2.65414465 -0.64219627  0.51872573
  0.86105293  2.67684221]",8,20,,,2.622761644823419,4.32131698847641,0.2232109,1.62452947,,,0.0,1.72799936,1.72799936,,9.553900386996245,6.5679185899387225,0.9712903474023687,1.823156044420884
0.8500000000000002,"[-0.81934753 -0.58236674  0.1426562   2.68939277 -0.71958274  0.49111793
  0.86850093  2.70126513]",8,20,,,2.576008354585161,4.1402158926157115,0.1898295,1.65291347,,,-0.0,1.70612938,1.70612938,,9.545536600902949,6.634659136949108,1.2112336142121727,2.0604755861112865
0.9000000000000002,"[-0.81852655 -0.61986508  0.12422608  2.73534239 -0.80960712  0.46186129
  0.87031983  2.72572621]",8,20,,,2.4467801249988055,3.8610083316025308,0.16886252,1.6682667,,,0.0,1.64526786,1.64526786,,9.551017819246056,6.844111481615737,2.17797163827594,2.8711282387164125
0.9500000000000003,"[-0.79660021 -0.68354168  0.0802138   2.80964044 -0.93162683  0.42371644
  0.85989463  2.75196477]",8,20,,,2.50350825114183,3.360961042393572,0.14882683,1.66436763,,,0.0,1.50800499,1.50800499,,9.594636738187745,7.320557694327022,3.1561522930623185,3.2416177338574195
0,"[0.         0.         0.         0.         1.57079633 1.57079633
 0.         0.        ]",8,20,,,3.0004274349400077,0.7289830821067605,1.0,0.0,,,0.0,0.0,0.0,,11.0,11.0,1.8796937177031057,1.938564462681215
0.05,"[-1.49693000e-03 -7.57410000e-04  0.00000000e+00  0.00000000e+00
  1.56929940e+00  1.57003892e+00  9.69282200e-02  9.69282200e-02]",8,20,,,2.9974666246353783,0.7371027018747678,0.97768784,0.17792051,,,-0.0,-0.00148301,-0.00148301,,11.021697168184971,11.021694968860636,1.9089899529071839,1.9729404776445736
0.1,"[ 1.59769800e-02 -1.55999000e-03 -9.00000000e-08 -7.34500000e-05
  1.56772356e+00  1.56923400e+00  1.93903630e-01  1.93899380e-01]",8,20,,,3.003027627658966,0.8306363666836505,0.91323666,0.35322309,,,-0.0,0.05396349,0.05396349,,11.0434910376412,11.040578979860307,1.6179509939032166,1.8216335495306888
0.15000000000000002,"[ 4.41878000e-02 -6.62085000e-03 -6.35600000e-05 -2.08310000e-04
  1.55792672e+00  1.56433594e+00  2.80367520e-01  2.80353810e-01]",8,20,,,3.0316344520076437,1.0720365259402238,0.81411812,0.51798166,,,0.0,0.15711785,0.15711785,,11.07152294319199,11.046836923911668,1.2496567305401154,1.5651861115662107
0.2,"[ 7.31671500e-02 -2.04992800e-02 -9.93300000e-04 -6.73100000e-04
  1.53189547e+00  1.55162731e+00  3.50583930e-01  3.50546060e-01]",8,20,,,3.113012943635614,1.475178864115777,0.69177125,0.66771255,,,0.0,0.29334851,0.29334851,,11.106609432694036,11.020556082065758,1.1538135153071225,1.2847866803791446
0.25,"[ 0.09289825 -0.04778255 -0.00409191 -0.00178055  1.48243885  1.52804375
  0.40460705  0.40449167]",8,20,,,3.238991786337963,2.016662153232607,0.55877822,0.8027003,,,0.0,0.45277207,0.45277207,,11.1509124264136,10.945909880233543,1.4860750936652372,1.0729598640570233
0.3,"[ 0.09551611 -0.09077404 -0.00511445 -0.00376444  1.40930733  1.49210725
  0.44634797  0.44589664]",8,20,,,3.3317719503688266,2.6435167840388507,0.42614273,0.92641439,,,0.0,0.63453636,0.63453636,,11.208291893353309,10.805655505931178,2.180324372254468,1.1439559681716416
0.35,"[ 0.08018853 -0.147929   -0.00527375 -0.00725789  1.31795159  1.44425866
  0.4864751   0.48411031]",8,20,,,3.4358947906899187,3.42700513722617,0.30549961,1.04217888,,,0.0,0.85180996,0.85180996,,11.283520668184,10.557940467919252,3.521002729379842,1.4995751924368605
0.39999999999999997,"[ 0.04178077 -0.22151214 -0.00520361 -0.01337463  1.20093653  1.3811668
  0.53245925  0.52466183]",8,20,,,3.7173478066107157,4.513879425170023,0.20938579,1.14848459,,,0.0,1.13571978,1.13571978,,11.377785703544324,10.087926282372177,6.785688052507128,2.1723995203689768
0.44999999999999996,"[-0.04236244 -0.31863258 -0.00537016 -0.02421199  1.03158161  1.29283989
  0.59001571  0.57121891]",8,20,,,4.707141599021211,6.1788188790002945,0.14927293,1.24049353,,,0.0,1.54168659,1.54168659,,11.485737141618444,9.108939607074984,17.396871452399097,3.362713280390789
0.49999999999999994,"[-0.24975537 -0.44445798 -0.00312304 -0.04495623  0.73470437  1.15253943
  0.66530493  0.62926418]",8,20,,,4.669619244016546,8.365022058098027,0.13975155,1.30877827,,,0.0,2.17598446,2.17598446,,11.558950128428544,6.824041754670818,32.35395459420968,11.053780419274286
0.5499999999999999,"[-0.59059711 -0.5404452   0.06882092 -0.08468935  0.34039039  0.91654102
  0.79778028  0.72054939]",8,20,,,1000,9.13017794725865,0.21298027,1.34385679,,,0.0,2.81730666,2.81730666,,11.276107069492197,3.3388902519155517,30.600046882491597,22.71423445152579
0.6,"[-0.85819734 -0.60260653  0.22713283 -0.02576296  0.09675522  0.62382541
  0.97286768  0.78609919]",8,20,,,1000,5.852922720261283,0.35101301,1.3940128,,,-0.0,2.88081583,2.88081583,,10.531930039326044,2.2328302202433186,97.61886113939555,139.17294150461552
0.65,"[-0.8697876  -0.55042497  0.04027966  1.73710669  0.18076116  0.38526786
  0.62561571  2.35951837]",8,20,,,1000,5.487883886103115,0.23153649,1.48160261,,,0.0,2.23433766,2.23433766,,9.962334860473904,4.970070098737025,22.631829732305867,28.224256068411353
0.7000000000000001,"[-0.92105743 -0.58834073  0.18369478  2.10014095 -0.19441306  0.45370788
  0.70637768  2.54971503]",8,20,,,1000,4.237398638651072,0.24934596,1.54385599,,,0.0,1.96692371,1.96692371,,9.640421686690999,5.771632813638668,21.262326357262474,27.695278828926316
0.7500000000000001,"[-0.80467008 -0.54909656  0.15423149  2.61347984 -0.57064867  0.53869147
  0.83575053  2.66480317]",8,20,,,2.626229309015602,4.419728339363179,0.27160521,1.58408621,,,0.0,1.71639374,1.71639374,,9.575952526619318,6.629945062849412,0.8909887382668576,1.7849304406768047
0.8000000000000002,"[-0.81406382 -0.5647783   0.15120276  2.64420875 -0.641671    0.51093371
  0.84608985  2.68985081]",8,20,,,2.6229393886802597,4.304055453217168,0.22170363,1.6229075,,,0.0,1.72038368,1.72038368,,9.559041349417182,6.599321341863396,0.9270456728951846,1.8031379928109965
0.8500000000000002,"[-0.82005489 -0.58837689  0.14351245  2.67918353 -0.71727784  0.48374813
  0.85371468  2.71345541]",8,20,,,2.5737134093377048,4.122606894713801,0.18744391,1.65116049,,,-0.0,1.69676631,1.69676631,,9.551445652674133,6.672429748292543,1.1480813598459576,2.0377631495576893
0.9000000000000002,"[-0.81884522 -0.62446628  0.12633623  2.72452793 -0.80499142  0.45495463
  0.85608465  2.73709131]",8,20,,,2.4366772984329135,3.844546890579824,0.16640319,1.66669947,,,0.0,1.63541466,1.63541466,,9.557289041453103,6.882707932755219,2.0245816968178088,2.8222372407862952
0.9500000000000003,"[-0.79728862 -0.68534475  0.08545685  2.79699893 -0.92307422  0.41772711
  0.84710266  2.76248842]",8,20,,,2.4637539765849916,3.3551527532713905,0.14778212,1.66367471,,,0.0,1.50090899,1.50090899,,9.599260122337794,7.346532316703735,2.9859998391123117,3.257588152155873
0,"[0.         0.         0.         0.         1.57079633 1.57079633
 0.         0.        ]",8,20,,,3.0004274349400077,0.7289830821067605,1.0,0.0,,,0.0,0.0,0.0,,11.0,11.0,1.8796937177031057,1.938564462681215
0.05,"[-1.49693000e-03 -7.57410000e-04  0.00000000e+00  0.00000000e+00
  1.56929940e+00  1.57003892e+00  9.69282200e-02  9.69282200e-02]",8,20,,,2.9974666246353783,0.7371027018747678,0.97768784,0.17792051,,,-0.0,-0.00148301,-0.00148301,,11.021697168184971,11.021694968860636,1.9089899529071839,1.9729404776445736
0.1,"[ 1.59769800e-02 -1.55999000e-03 -9.00000000e-08 -7.34500000e-05
  1.56772356e+00  1.56923400e+00  1.93903630e-01  1.93899380e-01]",8,20,,,3.003027627658966,0.8306363666836505,0.91323666,0.35322309,,,-0.0,0.05396349,0.05396349,,11.0434910376412,11.040578979860307,1.6179509939032166,1.8216335495306888
0.15000000000000002,"[ 4.41878000e-02 -6.62085000e-03 -6.35600000e-05 -2.08310000e-04
  1.55792672e+00  1.56433594e+00  2.80367520e-01  2.80353810e-01]",8,20,,,3.0316344520076437,1.0720365259402238,0.81411812,0.51798166,,,0.0,0.15711785,0.15711785,,11.07152294319199,11.046836923911668,1.2496567305401154,1.5651861115662107
0.2,"[ 7.31671500e-02 -2.04992800e-02 -9.93300000e-04 -6.73100000e-04
  1.53189547e+00  1.55162731e+00  3.50583930e-01  3.50546060e-01]",8,20,,,3.113012943635614,1.475178864115777,0.69177125,0.66771255,,,0.0,0.29334851,0.29334851,,11.106609432694036,11.020556082065758,1.1538135153071225,1.2847866803791446
0.25,"[ 0.09289825 -0.04778255 -0.00409191 -0.00178055  1.48243885  1.52804375
  0.40460705  0.40449167]",8,20,,,3.238991786337963,2.016662153232607,0.55877822,0.8027003,,,0.0,0.45277207,0.45277207,,11.1509124264136,10.945909880233543,1.4860750936652372,1.0729598640570233
0.3,"[ 0.09551611 -0.09077404 -0.00511445 -0.00376444  1.40930733  1.49210725
  0.44634797  0.44589664]",8,20,,,3.3317719503688266,2.6435167840388507,0.42614273,0.92641439,,,0.0,0.63453636,0.63453636,,11.208291893353309,10.805655505931178,2.180324372254468,1.1439559681716416
0.35,"[ 0.08018853 -0.147929   -0.00527375 -0.00725789  1.31795159  1.44425866
  0.4864751   0.48411031]",8,20,,,3.4358947906899187,3.42700513722617,0.30549961,1.04217888,,,0.0,0.85180996,0.85180996,,11.283520668184,10.557940467919252,3.521002729379842,1.4995751924368605
0.39999999999999997,"[ 0.04178077 -0.22151214 -0.00520361 -0.01337463  1.20093653  1.3811668
  0.53245925  0.52466183]",8,20,,,3.7173478066107157,4.513879425170023,0.20938579,1.14848459,,,0.0,1.13571978,1.13571978,,11.377785703544324,10.087926282372177,6.785688052507128,2.1723995203689768
0.44999999999999996,"[-0.04236244 -0.31863258 -0.00537016 -0.02421199  1.03158161  1.29283989
  0.59001571  0.57121891]",8,20,,,4.707141599021211,6.1788188790002945,0.14927293,1.24049353,,,0.0,1.54168659,1.54168659,,11.485737141618444,9.108939607074984,17.396871452399097,3.362713280390789
0.49999999999999994,"[-0.24975537 -0.44445798 -0.00312304 -0.04495623  0.73470437  1.15253943
  0.66530493  0.62926418]",8,20,,,4.669619244016546,8.365022058098027,0.13975155,1.30877827,,,0.0,2.17598446,2.17598446,,11.558950128428544,6.824041754670818,32.35395459420968,11.053780419274286
0.5499999999999999,"[-0.59059711 -0.5404452   0.06882092 -0.08468935  0.34039039  0.91654102
  0.79778028  0.72054939]",8,20,,,1000,9.13017794725865,0.21298027,1.34385679,,,0.0,2.81730666,2.81730666,,11.276107069492197,3.3388902519155517,30.600046882491597,22.71423445152579
0.6,"[-0.85819734 -0.60260653  0.22713283 -0.02576296  0.09675522  0.62382541
  0.97286768  0.78609919]",8,20,,,1000,5.852922720261283,0.35101301,1.3940128,,,-0.0,2.88081583,2.88081583,,10.531930039326044,2.2328302202433186,97.61886113939555,139.17294150461552
0.65,"[-0.8697876  -0.55042497  0.04027966  1.73710669  0.18076116  0.38526786
  0.62561571  2.35951837]",8,20,,,1000,5.487883886103115,0.23153649,1.48160261,,,0.0,2.23433766,2.23433766,,9.962334860473904,4.970070098737025,22.631829732305867,28.224256068411353
0.7000000000000001,"[-0.92105743 -0.58834073  0.18369478  2.10014095 -0.19441306  0.45370788
  0.70637768  2.54971503]",8,20,,,1000,4.237398638651072,0.24934596,1.54385599,,,0.0,1.96692371,1.96692371,,9.640421686690999,5.771632813638668,21.262326357262474,27.695278828926316
0.7500000000000001,"[-0.80467008 -0.54909656  0.15423149  2.61347984 -0.57064867  0.53869147
  0.83575053  2.66480317]",8,20,,,2.626229309015602,4.419728339363179,0.27160521,1.58408621,,,0.0,1.71639374,1.71639374,,9.575952526619318,6.629945062849412,0.8909887382668576,1.7849304406768047
0.8000000000000002,"[-0.81406382 -0.5647783   0.15120276  2.64420875 -0.641671    0.51093371
  0.84608985  2.68985081]",8,20,,,2.6229393886802597,4.304055453217168,0.22170363,1.6229075,,,0.0,1.72038368,1.72038368,,9.559041349417182,6.599321341863396,0.9270456728951846,1.8031379928109965
0.8500000000000002,"[-0.82005489 -0.58837689  0.14351245  2.67918353 -0.71727784  0.48374813
  0.85371468  2.71345541]",8,20,,,2.5737134093377048,4.122606894713801,0.18744391,1.65116049,,,-0.0,1.69676631,1.69676631,,9.551445652674133,6.672429748292543,1.1480813598459576,2.0377631495576893
0.9000000000000002,"[-0.81884522 -0.62446628  0.12633623  2.72452793 -0.80499142  0.45495463
  0.85608465  2.73709131]",8,20,,,2.4366772984329135,3.844546890579824,0.16640319,1.66669947,,,0.0,1.63541466,1.63541466,,9.557289041453103,6.882707932755219,2.0245816968178088,2.8222372407862952
0.9500000000000003,"[-0.79728862 -0.68534475  0.08545685  2.79699893 -0.92307422  0.41772711
  0.84710266  2.76248842]",8,20,,,2.4637539765849916,3.3551527532713905,0.14778212,1.66367471,,,0.0,1.50090899,1.50090899,,9.599260122337794,7.346532316703735,2.9859998391123117,3.257588152155873
0,"[0.         0.         0.         0.         1.57079633 1.57079633
 0.         0.        ]",8,20,,,3.00042743368949,0.7289830497010391,1.0,0.0,,,0.0,0.0,0.0,,11.0,11.0,1.8796938910147423,1.9385645530891225
0.05,"[-1.49693000e-03 -7.57410000e-04  0.00000000e+00  0.00000000e+00
  1.56929940e+00  1.57003892e+00  9.69282300e-02  9.69282300e-02]",8,20,,,2.997466666075506,0.7371036211132441,0.97768784,0.17792051,,,-0.0,-0.00148301,-0.00148301,,11.021697165675082,11.02169496635692,1.9089849363005276,1.9729378438708998
0.1,"[ 1.59769100e-02 -1.56002000e-03 -9.00000000e-08 -7.34500000e-05
  1.56772350e+00  1.56923397e+00  1.93903510e-01  1.93899260e-01]",8,20,,,3.003027279417666,0.8306350077300906,0.91323666,0.35322302,,,-0.0,0.05396339,0.05396339,,11.043491080957189,11.040579033222498,1.617958165815789,1.8216382029231553
0.15000000000000002,"[ 4.41878200e-02 -6.62084000e-03 -6.35600000e-05 -2.08320000e-04
  1.55792674e+00  1.56433596e+00  2.80367600e-01  2.80353890e-01]",8,20,,,3.0316347961313945,1.0720373602753455,0.81411812,0.5179817,,,0.0,0.15711788,0.15711788,,11.071522981897619,11.04683695393742,1.249653374740039,1.5651834097615074
0.2,"[ 7.31671100e-02 -2.04992800e-02 -9.93260000e-04 -6.73100000e-04
  1.53189546e+00  1.55162731e+00  3.50583900e-01  3.50546030e-01]",8,20,,,3.113013229275684,1.4751843518116416,0.69177124,0.66771254,,,0.0,0.29334844,0.29334844,,11.106609439092283,11.020556129823985,1.1537878619468533,1.284772967696858
0.25,"[ 0.09289771 -0.04778256 -0.00408971 -0.00178054  1.48243927  1.52804371
  0.40460616  0.40449077]",8,20,,,3.238991706357702,2.016656334938741,0.55877795,0.80270015,,,0.0,0.45277038,0.45277038,,11.150911955537605,10.945910942175434,1.4860762928599238,1.0729604872717746
0.3,"[ 0.09551503 -0.09077394 -0.00511226 -0.00376443  1.40930774  1.49210728
  0.44634738  0.44589593]",8,20,,,3.3317410166352355,2.643497175637739,0.42614236,0.92641431,,,0.0,0.63453302,0.63453302,,11.208292617921074,10.80566046909295,2.180139409336566,1.1439669126640228
0.35,"[ 0.08018994 -0.14792668 -0.00527152 -0.00725786  1.31795818  1.44426017
  0.4864744   0.48410945]",8,20,,,3.4358508452072862,3.426950534555354,0.30549856,1.04217929,,,0.0,0.85179893,0.85179893,,11.283518297273801,10.557956879962813,3.520684751762085,1.499566009262131
0.39999999999999997,"[ 0.04178695 -0.22150703 -0.00520141 -0.0133744   1.20095047  1.38117059
  0.53245821  0.52466033]",8,20,,,3.7174061097603075,4.513802829293713,0.20938387,1.1484856,,,0.0,1.13569716,1.13569716,,11.377778791554551,10.087970755770007,6.785871552586586,2.1722710796289366
0.44999999999999996,"[-0.04235965 -0.31862842 -0.0053679  -0.02421116  1.03159031  1.29284414
  0.59001353  0.57121609]",8,20,,,4.70698677559755,6.178709470491291,0.14927061,1.24049431,,,0.0,1.54166288,1.54166288,,11.485735153974051,9.10901070812063,17.39545808197112,3.362734365147472
0.49999999999999994,"[-0.24973797 -0.44445126 -0.00312112 -0.04495509  0.73472844  1.15254818
  0.66530313  0.62926131]",8,20,,,4.6691757471132185,8.364813713812476,0.13974707,1.30878004,,,0.0,2.1759381,2.1759381,,11.558950417160792,6.824243781017082,32.346867453861115,11.052307856795814
0.5499999999999999,"[-0.59051626 -0.54044949  0.06880002 -0.08468741  0.34047153  0.91657223
  0.79777614  0.72053591]",8,20,,,1000,9.130286803641228,0.21296014,1.34386466,,,0.0,2.81722731,2.81722731,,11.276177760462735,3.3394080391384247,30.603036113467216,22.71541487996201
0.6,"[-0.85815339 -0.60259816  0.22712625 -0.02579031  0.0967839   0.62384795
  0.97287228  0.78611309]",8,20,,,1000,5.853020087311569,0.35100184,1.39401312,,,-0.0,2.88081885,2.88081885,,10.53195877123224,2.232841505167343,97.62662362457084,139.18735983235462
0.65,"[-0.86971621 -0.55036021  0.04031606  1.73720641  0.18083118  0.38526125
  0.62554835  2.35972661]",8,20,,,1000,5.488304148518449,0.23155067,1.48159597,,,0.0,2.23416919,2.23416919,,9.962349970397053,4.9708380045207905,22.626831603436692,28.218210535204857
0.7000000000000001,"[-0.92101253 -0.58825903  0.18374754  2.10011649 -0.19432685  0.45366774
  0.70627255  2.54991516]",8,20,,,1000,4.237878224413159,0.24935424,1.54385514,,,0.0,1.96692946,1.96692946,,9.64054290872217,5.771731425492048,21.263408793228965,27.69989253660252
0.7500000000000001,"[-0.80466888 -0.54895512  0.15430361  2.6135178  -0.57059939  0.53871529
  0.83573387  2.66494178]",8,20,,,2.6263169687393755,4.420245098174243,0.2716117,1.58409673,,,0.0,1.71651632,1.71651632,,9.576110413813922,6.629682127658805,0.891240367973937,1.7849049807497388
0.8000000000000002,"[-0.81407127 -0.56464507  0.15128121  2.64423632 -0.64163036  0.51095569
  0.84608083  2.68998994]",8,20,,,2.622973014833692,4.304576596332969,0.22170376,1.62291804,,,0.0,1.72051484,1.72051484,,9.559201593014526,6.59903027558049,0.9275103394536185,1.8033622479611984
0.8500000000000002,"[-0.82006879 -0.5882586   0.14359351  2.67920668 -0.71725674  0.48376659
  0.85371217  2.71359742]",8,20,,,2.5738005156060004,4.123073831994194,0.18744273,1.65116943,,,-0.0,1.6968886,1.6968886,,9.551603009419017,6.67217209163252,1.14837351954796,2.037763717416631
0.9000000000000002,"[-0.81886616 -0.62436122  0.12642157  2.72454099 -0.80498083  0.45497323
  0.85608972  2.73723345]",8,20,,,2.436687153879459,3.844986805667008,0.16640421,1.66670705,,,0.0,1.63552781,1.63552781,,9.557436449417581,6.882485232338933,2.0253610600644767,2.82267661180044
0.9500000000000003,"[-0.79731162 -0.68526294  0.08553783  2.79701016 -0.92308666  0.41774518
  0.8471132   2.76263607]",8,20,,,2.4637109454268624,3.3554501039179225,0.14778533,1.66367845,,,0.0,1.50099479,1.50099479,,9.599393105851238,7.346407735304398,2.986699180106378,3.2581103316707454
0,"[0.         0.         0.         0.         1.57079633 1.57079633
 0.         0.        ]",8,20,,,3.000427462988926,0.7289838089496516,1.0,0.0,,,0.0,0.0,0.0,,11.0,11.0,1.8796898304200467,1.9385624348809412
0.05,"[-1.49698000e-03 -7.57440000e-04 -0.00000000e+00 -0.00000000e+00
  1.56929935e+00  1.57003889e+00  9.69281200e-02  9.69281200e-02]",8,20,,,2.9974665207564106,0.7371026451084653,0.97768784,0.17792045,,,-0.0,-0.00148306,-0.00148306,,11.021697224480366,11.021695025017557,1.9089913929008415,1.9729415371628327
0.1,"[ 1.59769300e-02 -1.56000000e-03 -9.00000000e-08 -7.34500000e-05
  1.56772352e+00  1.56923398e+00  1.93903570e-01  1.93899320e-01]",8,20,,,3.003027685681366,0.8306372645262998,0.91323666,0.35322305,,,-0.0,0.05396339,0.05396339,,11.0434910968072,11.040579048867352,1.6179475178835887,1.8216316668610042
0.15000000000000002,"[ 4.41876600e-02 -6.62090000e-03 -6.35500000e-05 -2.08320000e-04
  1.55792664e+00  1.56433590e+00  2.80367370e-01  2.80353660e-01]",8,20,,,3.031634137315296,1.072036143014354,0.81411812,0.51798158,,,0.0,0.15711761,0.15711761,,11.071523027399572,11.046837083904162,1.2496585283519979,1.5651880066080555
0.2,"[ 7.31670100e-02 -2.04993000e-02 -9.93290000e-04 -6.73110000e-04
  1.53189542e+00  1.55162728e+00  3.50583860e-01  3.50545990e-01]",8,20,,,3.1130123562229346,1.4751749914875512,0.69177124,0.66771251,,,0.0,0.29334824,0.29334824,,11.106609559489018,11.02055637126635,1.1538294046720334,1.2847965170821913
0.25,"[ 0.09289843 -0.04778255 -0.00409318 -0.00178058  1.48243859  1.52804376
  0.40460755  0.40449216]",8,20,,,3.238989542564346,2.01666441626105,0.55877837,0.80270037,,,0.0,0.45277272,0.45277272,,11.15091288747472,10.945909749423606,1.4860576116564284,1.072958621144979
0.3,"[ 0.09551678 -0.09077389 -0.00511561 -0.00376445  1.40930777  1.49210735
  0.44634819  0.44589692]",8,20,,,3.331780364883428,2.6435207956596645,0.42614283,0.92641446,,,0.0,0.63453718,0.63453718,,11.208291247817142,10.805653809234872,2.180369979322312,1.1439504136583531
0.35,"[ 0.08018874 -0.14792944 -0.00527492 -0.00725789  1.31795044  1.44425841
  0.48647527  0.48411052]",8,20,,,3.435867886619336,3.4270069209896383,0.30549989,1.04217883,,,0.0,0.85181298,0.85181298,,11.28352046934939,10.557935110134634,3.5208471144383786,1.4995897247428722
0.39999999999999997,"[ 0.04178366 -0.2215114  -0.0052048  -0.01337463  1.20093949  1.38116738
  0.53245924  0.52466194]",8,20,,,3.7174021046673693,4.513882586041999,0.20938578,1.1484849,,,0.0,1.13571928,1.13571928,,11.377782376241832,10.08792408305006,6.785982833576324,2.1723434010163842
0.44999999999999996,"[-0.04236371 -0.31863362 -0.00537131 -0.02421181  1.03157874  1.29283955
  0.59001524  0.57121847]",8,20,,,4.707169692608057,6.178844100798662,0.14927321,1.24049351,,,0.0,1.54169216,1.54169216,,11.485736981790367,9.108922251132174,17.397148344583513,3.3627194056830265
0.49999999999999994,"[-0.24975956 -0.44445937 -0.00312407 -0.0449562   0.73469862  1.15253807
  0.66530454  0.62926392]",8,20,,,4.669152823745894,8.364986674042434,0.13975227,1.30877809,,,0.0,2.1759949,2.1759949,,11.558950383860306,6.823996591052105,32.3490849829679,11.053523637666977
0.5499999999999999,"[-0.59055606 -0.54045094  0.06881098 -0.08468849  0.3404295   0.9165501
  0.7977829   0.72054281]",8,20,,,1000,9.130248154705122,0.21297382,1.34386049,,,0.0,2.81727358,2.81727358,,11.276131501784889,3.3391010499370166,30.602062589428147,22.715312774538802
0.6,"[-0.85817944 -0.60260322  0.2271321  -0.02577258  0.09676413  0.62382728
  0.97287613  0.78610787]",8,20,,,1000,5.85293913100077,0.3510137,1.39401335,,,-0.0,2.88081407,2.88081407,,10.531923158809786,2.2328334654978175,97.62156236580896,139.1768806905896
0.65,"[-0.86976031 -0.55040361  0.04029659  1.73712658  0.18078314  0.38526331
  0.62560753  2.35957643]",8,20,,,1000,5.488143916596241,0.23154141,1.48160257,,,0.0,2.2342933,2.2342933,,9.962339709140705,4.970273171461639,22.629130023690692,28.221255021767
0.7000000000000001,"[-0.9210502  -0.58831234  0.18367788  2.10009621 -0.19437934  0.45368267
  0.70639457  2.54976534]",8,20,,,1000,4.2203963708248375,0.24935072,1.54386201,,,0.0,1.96697322,1.96697322,,9.640444185500852,5.771460547756173,21.537814607107677,28.14882434813199
0.7500000000000001,"[-0.80285491 -0.5422321   0.15410208  2.62395398 -0.57100078  0.54660073
  0.85066792  2.65137195]",8,20,,,2.631954703846457,4.430986965382106,0.27204996,1.58534773,,,0.0,1.72089551,1.72089551,,9.571489234281884,6.61000787973053,0.9022507853647808,1.7732772282735874
0.8000000000000002,"[-0.81283371 -0.55792363  0.15098169  2.65414465 -0.64219627  0.51872573
  0.86105293  2.67684221]",8,20,,,2.622761644823419,4.32131698847641,0.2232109,1.62452947,,,0.0,1.72799936,1.72799936,,9.553900386996245,6.5679185899387225,0.9712903474023687,1.823156044420884
0.8500000000000002,"[-0.81934753 -0.58236674  0.1426562   2.68939277 -0.71958274  0.49111793
  0.86850093  2.70126513]",8,20,,,2.576008354585161,4.1402158926157115,0.1898295,1.65291347,,,-0.0,1.70612938,1.70612938,,9.545536600902949,6.634659136949108,1.2112336142121727,2.0604755861112865
0.9000000000000002,"[-0.81852655 -0.61986508  0.12422608  2.73534239 -0.80960712  0.46186129
  0.87031983  2.72572621]",8,20,,,2.4467801249988055,3.8610083316025308,0.16886252,1.6682667,,,0.0,1.64526786,1.64526786,,9.551017819246056,6.844111481615737,2.17797163827594,2.8711282387164125
0.9500000000000003,"[-0.79660021 -0.68354168  0.0802138   2.80964044 -0.93162683  0.42371644
  0.85989463  2.75196477]",8,20,,,2.50350825114183,3.360961042393572,0.14882683,1.66436763,,,0.0,1.50800499,1.50800499,,9.594636738187745,7.320557694327022,3.1561522930623185,3.2416177338574195
0,"[0.         0.         0.         0.         1.57079633 1.57079633
 0.         0.        ]",8,20,,,3.0004274172884,0.7289826246816304,1.0,0.0,,,0.0,0.0,0.0,,11.0,11.0,1.8796961640963987,1.9385657388402295
0.05,"[-1.49690000e-03 -7.57400000e-04  0.00000000e+00  0.00000000e+00
  1.56929943e+00  1.57003893e+00  9.69282900e-02  9.69282900e-02]",8,20,,,2.9975781463789026,0.7393352382681423,0.97768784,0.17792054,,,-0.0,-0.00148298,-0.00148298,,11.021697132756431,11.021694933519239,1.8973103390955128,1.966766364101784
0.1,"[ 1.56949900e-02 -1.70225000e-03 -9.00000000e-08 -7.32300000e-05
  1.56744177e+00  1.56909131e+00  1.93621870e-01  1.93617630e-01]",8,20,,,2.9936442970998476,0.7425244330356755,0.91324544,0.35304593,,,-0.0,0.05367429,0.05367429,,11.043817599315425,11.040936669947019,2.0019081481798056,2.0419097849683947
0.15000000000000002,"[ 5.34084000e-02 -1.73201000e-03 -5.82900000e-05 -2.36100000e-04
  1.56744974e+00  1.56906743e+00  2.89306750e-01  2.89294090e-01]",8,20,,,2.9942755606847142,0.7876521483142603,0.81352724,0.52369892,,,0.0,0.16644335,0.16644335,,11.064693129505471,11.036989739653817,1.9318928445201808,2.015449920355946
0.2,"[ 1.08243840e-01 -1.19283000e-03 -7.54080000e-04 -3.88490000e-04
  1.56852132e+00  1.56956459e+00  3.77299960e-01  3.77276080e-01]",8,20,,,2.993781813454243,0.8515563694333317,0.68881178,0.68529663,,,0.0,0.32806341,0.32806341,,11.08469587751535,10.977070279347675,1.9310121281019588,2.0264892295239667
0.25,"[ 1.78499500e-01  9.94900000e-04 -3.77764000e-03 -4.84460000e-04
  1.57224827e+00  1.57136546e+00  4.57768960e-01  4.57728090e-01]",8,20,,,2.9877479899728767,0.9688883852547121,0.55153917,0.83713999,,,0.0,0.5296994,0.5296994,,11.104852051904324,10.824270597959138,1.8589605792902955,2.0185872898038273
0.3,"[ 2.59919490e-01  4.97852000e-03 -1.16458600e-02 -4.13800000e-04
  1.57820514e+00  1.57432400e+00  5.28795980e-01  5.28748960e-01]",8,20,,,2.9586660078896148,1.1053469891983871,0.41525977,0.97717091,,,0.0,0.75692581,0.75692581,,11.125821787485021,10.552885110115108,1.9448594406760145,2.158488340959783
0.35,"[ 3.53638080e-01  1.22542600e-02 -2.90253900e-02 -9.33900000e-05
  1.58791175e+00  1.57919873e+00  5.93131330e-01  5.93164880e-01]",8,20,,,2.8834201083172837,1.267393823119227,0.29321899,1.10512184,,,0.0,1.00473961,1.00473961,,11.148973471055886,10.139471796814108,2.1130361993438362,2.473949074675633
0.39999999999999997,"[ 4.60723150e-01  2.32545800e-02 -6.25059300e-02  6.15980000e-04
  1.60108336e+00  1.58599405e+00  6.51007140e-01  6.51323310e-01]",8,20,,,2.730864441761896,1.4336729250367353,0.19663015,1.21852652,,,0.0,1.26338301,1.26338301,,11.174006155248629,9.577869530891537,2.363064779480047,3.039725167724581
0.44999999999999996,"[ 0.58259697  0.03677634 -0.11940758  0.00178424  1.61580202  1.59416185
  0.70155887  0.70240846]",8,20,,,1.5145588290911385,1.1289577697203887,0.13140267,1.31356581,,,0.0,1.51243457,1.51243457,,11.200145745442999,8.912687430424613,8.643113066251344,8.77468518245821
0.49999999999999994,"[ 0.74865421  0.03523064 -0.54436609  0.00255404  1.61590012  1.59763992
  0.74383003  0.73324928]",8,20,,,1.236253538676077,1.4872653667306206,0.12157256,1.30916048,,,0.0,1.23616222,1.23616222,,11.293678265539594,9.765581230997082,9.717158526607895,9.741256990129182
0.5499999999999999,"[ 1.02226581  0.01376698 -0.74883382  0.00336041  1.60714949  1.60117312
  0.77473461  0.76153921]",8,20,,,1.047233554804865,1.6000645105855218,0.11617437,1.30757489,,,0.0,1.04718213,1.04718213,,11.357051123264817,10.260460703987116,10.216133347571983,10.238243176263783
0.6,"[ 1.33085859 -0.02017396 -0.82670832  0.003832    1.58734064  1.60301436
  0.78374926  0.79799442]",8,20,,,0.9689878101951633,1.6256777216360014,0.11261077,1.31218849,,,-0.0,0.94963873,0.94963873,,11.394861400024526,10.49304769150173,10.351382246583551,10.40365313515063
0.65,"[ 1.64855453 -0.05948837 -0.84930688  0.00337234  1.57201396  1.59941187
  0.78678082  0.82142915]",8,20,,,0.934163157934573,1.630483099921673,0.10831151,1.31969626,,,0.0,0.88718246,0.88718246,,11.42476466870921,10.637671947842339,10.485254684256779,10.518679273661848
0.7000000000000001,"[ 1.9689008  -0.10392206 -0.83861751  0.00349965  1.56987637  1.58835933
  0.79091457  0.81891132]",8,20,,,0.8323924554130387,1.6366665321695293,0.10389472,1.32764334,,,0.0,0.83002364,0.83002364,,11.454562053482496,10.765622814277018,10.676761838299843,10.719223345976895
0.7500000000000001,"[ 2.28867123 -0.15358548 -0.79526866  0.01002709  1.60867694  1.5705292
  0.81676471  0.75589496]",8,20,,,0.7541662141587473,1.6252109169663604,0.10189584,1.33389448,,,0.0,0.754094,0.754094,,11.487245709695147,10.91858794970455,10.862906356168148,10.890692693642379
0.8000000000000002,"[ 2.60615698 -0.20430348 -0.69030638  0.01396318  1.62239721  1.5490965
  0.79419568  0.72998841]",8,20,,,0.6236145290373329,1.551899817892482,0.09753487,1.34738774,,,0.0,0.62204093,0.62204093,,11.537751521998455,11.150816602391494,10.982042367973488,11.065449404572744
0.8500000000000002,"[ 2.91179318 -0.24431986 -0.43352957  0.02004825  1.63851274  1.52995474
  0.73983637  0.70566024]",8,20,,,2.116594809527343,1.4026114074706728,0.08610556,1.37852901,,,-0.0,0.34290047,0.34290047,,11.625001152494281,11.507420423169147,5.762643392322775,6.453835478549484
0.9000000000000002,"[ 3.15039403 -0.25856587 -0.359201    0.03208173  1.66749143  1.51912519
  0.69787116  0.65982495]",8,20,,,2.5316226646993827,1.1534522827820366,0.04813809,1.35185052,,,0.0,-0.19329559,-0.19329559,,11.768683395485427,11.73132020987553,5.126134855995131,5.2428524675304775
0.9500000000000003,"[ 3.37888669 -0.25574711 -0.35916872  0.04330398  1.70674855  1.51592596
  0.66281845  0.61698356]",8,20,,,2.5813608995723873,1.3019793369868353,0.02940756,1.30777022,,,0.0,-0.75233941,-0.75233941,,11.950423202771457,11.38440861633462,4.329428524830679,4.808213816880485
0,"[0.         0.         0.         0.         1.57079633 1.57079633
 0.         0.        ]",8,20,,,3.0004274172884,0.7289826246816304,1.0,0.0,,,0.0,0.0,0.0,,11.0,11.0,1.8796961640963987,1.9385657388402295
0.05,"[-1.49690000e-03 -7.57400000e-04  0.00000000e+00  0.00000000e+00
  1.56929943e+00  1.57003893e+00  9.69282900e-02  9.69282900e-02]",8,20,,,2.9975781463789026,0.7393352382681423,0.97768784,0.17792054,,,-0.0,-0.00148298,-0.00148298,,11.021697132756431,11.021694933519239,1.8973103390955128,1.966766364101784
0.1,"[ 1.56949900e-02 -1.70225000e-03 -9.00000000e-08 -7.32300000e-05
  1.56744177e+00  1.56909131e+00  1.93621870e-01  1.93617630e-01]",8,20,,,2.9936442970998476,0.7425244330356755,0.91324544,0.35304593,,,-0.0,0.05367429,0.05367429,,11.043817599315425,11.040936669947019,2.0019081481798056,2.0419097849683947
0.15000000000000002,"[ 5.34084000e-02 -1.73201000e-03 -5.82900000e-05 -2.36100000e-04
  1.56744974e+00  1.56906743e+00  2.89306750e-01  2.89294090e-01]",8,20,,,2.9942755606847142,0.7876521483142603,0.81352724,0.52369892,,,0.0,0.16644335,0.16644335,,11.064693129505471,11.036989739653817,1.9318928445201808,2.015449920355946
0.2,"[ 1.08243840e-01 -1.19283000e-03 -7.54080000e-04 -3.88490000e-04
  1.56852132e+00  1.56956459e+00  3.77299960e-01  3.77276080e-01]",8,20,,,2.993781813454243,0.8515563694333317,0.68881178,0.68529663,,,0.0,0.32806341,0.32806341,,11.08469587751535,10.977070279347675,1.9310121281019588,2.0264892295239667
0.25,"[ 1.78499500e-01  9.94900000e-04 -3.77764000e-03 -4.84460000e-04
  1.57224827e+00  1.57136546e+00  4.57768960e-01  4.57728090e-01]",8,20,,,2.9877479899728767,0.9688883852547121,0.55153917,0.83713999,,,0.0,0.5296994,0.5296994,,11.104852051904324,10.824270597959138,1.8589605792902955,2.0185872898038273
0.3,"[ 2.59919490e-01  4.97852000e-03 -1.16458600e-02 -4.13800000e-04
  1.57820514e+00  1.57432400e+00  5.28795980e-01  5.28748960e-01]",8,20,,,2.9586660078896148,1.1053469891983871,0.41525977,0.97717091,,,0.0,0.75692581,0.75692581,,11.125821787485021,10.552885110115108,1.9448594406760145,2.158488340959783
0.35,"[ 3.53638080e-01  1.22542600e-02 -2.90253900e-02 -9.33900000e-05
  1.58791175e+00  1.57919873e+00  5.93131330e-01  5.93164880e-01]",8,20,,,2.8834201083172837,1.267393823119227,0.29321899,1.10512184,,,0.0,1.00473961,1.00473961,,11.148973471055886,10.139471796814108,2.1130361993438362,2.473949074675633
0.39999999999999997,"[ 4.60723150e-01  2.32545800e-02 -6.25059300e-02  6.15980000e-04
  1.60108336e+00  1.58599405e+00  6.51007140e-01  6.51323310e-01]",8,20,,,2.730864441761896,1.4336729250367353,0.19663015,1.21852652,,,0.0,1.26338301,1.26338301,,11.174006155248629,9.577869530891537,2.363064779480047,3.039725167724581
0.44999999999999996,"[ 0.58259697  0.03677634 -0.11940758  0.00178424  1.61580202  1.59416185
  0.70155887  0.70240846]",8,20,,,1.5145588290911385,1.1289577697203887,0.13140267,1.31356581,,,0.0,1.51243457,1.51243457,,11.200145745442999,8.912687430424613,8.643113066251344,8.77468518245821
0.49999999999999994,"[ 0.74865421  0.03523064 -0.54436609  0.00255404  1.61590012  1.59763992
  0.74383003  0.73324928]",8,20,,,1.236253538676077,1.4872653667306206,0.12157256,1.30916048,,,0.0,1.23616222,1.23616222,,11.293678265539594,9.765581230997082,9.717158526607895,9.741256990129182
0.5499999999999999,"[ 1.02226581  0.01376698 -0.74883382  0.00336041  1.60714949  1.60117312
  0.77473461  0.76153921]",8,20,,,1.047233554804865,1.6000645105855218,0.11617437,1.30757489,,,0.0,1.04718213,1.04718213,,11.357051123264817,10.260460703987116,10.216133347571983,10.238243176263783
0.6,"[ 1.33085859 -0.02017396 -0.82670832  0.003832    1.58734064  1.60301436
  0.78374926  0.79799442]",8,20,,,0.9689878101951633,1.6256777216360014,0.11261077,1.31218849,,,-0.0,0.94963873,0.94963873,,11.394861400024526,10.49304769150173,10.351382246583551,10.40365313515063
0.65,"[ 1.64855453 -0.05948837 -0.84930688  0.00337234  1.57201396  1.59941187
  0.78678082  0.82142915]",8,20,,,0.934163157934573,1.630483099921673,0.10831151,1.31969626,,,0.0,0.88718246,0.88718246,,11.42476466870921,10.637671947842339,10.485254684256779,10.518679273661848
0.7000000000000001,"[ 1.9689008  -0.10392206 -0.83861751  0.00349965  1.56987637  1.58835933
  0.79091457  0.81891132]",8,20,,,0.8323924554130387,1.6366665321695293,0.10389472,1.32764334,,,0.0,0.83002364,0.83002364,,11.454562053482496,10.765622814277018,10.676761838299843,10.719223345976895
0.7500000000000001,"[ 2.28867123 -0.15358548 -0.79526866  0.01002709  1.60867694  1.5705292
  0.81676471  0.75589496]",8,20,,,0.7541662141587473,1.6252109169663604,0.10189584,1.33389448,,,0.0,0.754094,0.754094,,11.487245709695147,10.91858794970455,10.862906356168148,10.890692693642379
0.8000000000000002,"[ 2.60615698 -0.20430348 -0.69030638  0.01396318  1.62239721  1.5490965
  0.79419568  0.72998841]",8,20,,,0.6236145290373329,1.551899817892482,0.09753487,1.34738774,,,0.0,0.62204093,0.62204093,,11.537751521998455,11.150816602391494,10.982042367973488,11.065449404572744
0.8500000000000002,"[ 2.91179318 -0.24431986 -0.43352957  0.02004825  1.63851274  1.52995474
  0.73983637  0.70566024]",8,20,,,2.116594809527343,1.4026114074706728,0.08610556,1.37852901,,,-0.0,0.34290047,0.34290047,,11.625001152494281,11.507420423169147,5.762643392322775,6.453835478549484
0.9000000000000002,"[ 3.15039403 -0.25856587 -0.359201    0.03208173  1.66749143  1.51912519
  0.69787116  0.65982495]",8,20,,,2.5316226646993827,1.1534522827820366,0.04813809,1.35185052,,,0.0,-0.19329559,-0.19329559,,11.768683395485427,11.73132020987553,5.126134855995131,5.2428524675304775
0.9500000000000003,"[ 3.37888669 -0.25574711 -0.35916872  0.04330398  1.70674855  1.51592596
  0.66281845  0.61698356]",8,20,,,2.5813608995723873,1.3019793369868353,0.02940756,1.30777022,,,0.0,-0.75233941,-0.75233941,,11.950423202771457,11.38440861633462,4.329428524830679,4.808213816880485
0,"[0.         0.         0.         0.         1.57079633 1.57079633
 0.         0.        ]",8,10,,,0.013746189403806678,0.007417194486938938,1.0,0.0,,,0.0,0.0,0.0,,19.000000000000004,19.000000000000004,18.899800449587758,-18.949805745932316
0.1,"[ 5.98167060e-01  2.99442310e-01 -0.00000000e+00 -0.00000000e+00
  1.76960241e+00  1.87023864e+00 -8.74400000e-04 -8.74400000e-04]",8,10,,,0.17776460541991604,0.087793315969968,0.99395099,0.07784382,,,-3.11707499,-3.25178759,-0.1347126,,19.328209622655418,8.754087083546542,8.163166285211416,-8.44282655690893
0.2,"[ 9.41652800e-01  5.01253220e-01 -3.71510300e-02 -1.07132200e-02
  1.70569749e+00  2.13438731e+00  3.49780000e-04 -1.91249600e-02]",8,10,,,0.071812694497218,0.03466456824051199,0.99126244,0.09633462,,,-4.45324844,-4.49031651,-0.03706807,,22.854230400960677,2.691288016651356,2.558935618961964,-2.6225332862611848
0.30000000000000004,"[ 1.11411018  0.47826995 -0.02646668 -0.01342983  1.55984744  2.33215254
  0.01519054 -0.02346967]",8,10,,,0.021612025547920386,0.010290034520560314,0.9975337,0.0521984,,,-4.92782173,-4.93501964,-0.00719791,,25.56295008856958,1.2085312856283217,1.172166857029147,-1.1901155315045924
0.4,"[ 1.21019306  0.42075384 -0.02453427 -0.01365995  1.45177041  2.46082044
  0.01968273 -0.02444636]",8,10,,,0.01273384829426093,0.005163244758694604,0.99940316,0.02804889,,,-5.11790467,-5.13590631,-0.01800164,,26.886304404955848,0.5087707824261933,0.4967816828857935,-0.5026951572098028
0.5,"[ 1.26368192  0.38065173 -0.02556377 -0.01503536  1.38204026  2.54050737
  0.01925644 -0.02490871]",8,10,,,0.009248179960838534,0.0029404808796189025,0.99959482,0.02509731,,,-5.20163917,-5.21904005,-0.01740089,,27.44190665427632,0.2035275644737098,0.19937209152479562,-0.20140706358295868
0.6,"[ 1.29372962  0.3560959  -0.02641165 -0.01605684  1.33804757  2.58967427
  0.01845061 -0.025106  ]",8,10,,,0.007617090638642735,0.001778226467328584,0.99962175,0.02521775,,,-5.23992944,-5.25202341,-0.01209397,,27.663677766034784,0.07992781921914727,0.07841036064336146,-0.07914007989635571
0.7,"[ 1.31098678  0.34114996 -0.02690136 -0.01673293  1.31045268  2.62005258
  0.01787855 -0.02515313]",8,10,,,0.006928072709717408,0.0011530299455149412,0.99969379,0.02416922,,,-5.25766589,-5.26492779,-0.0072619,,27.750667150865564,0.031202556121598946,0.030614036616782917,-0.030884297273455364
0.7999999999999999,"[ 1.3211442   0.33198889 -0.02715494 -0.01719662  1.29319251  2.63886778
  0.01750433 -0.0251177 ]",8,10,,,0.0066230409035206396,0.0008221953485481546,0.99978288,0.02249446,,,-5.26592335,-5.26995366,-0.00403031,,27.784582937344812,0.012171386588647692,0.011922296806365319,-0.012024909362101653
0.8999999999999999,"[ 1.32724371  0.32633907 -0.02726344 -0.01753222  1.28241229  2.65054732
  0.01726228 -0.02503698]",8,10,,,0.006506464494658531,0.0006967838314565458,0.99985931,0.02084637,,,-5.26977732,-5.27190861,-0.00213129,,27.79778125368179,0.004760829004343492,0.004626087570812808,-0.004672291247468024
0.9999999999999999,"[ 1.33094172  0.32285387 -0.02730212 -0.01776778  1.27569146  2.65779988
  0.01710789 -0.0249523 ]",8,10,,,0.006453205432140567,0.0006400546628670209,0.99991429,0.01953387,,,-5.27157865,-5.2726681,-0.00108945,,27.80290973195949,0.00188081985439581,0.0017929101293110484,-0.0018160430616787249
0,"[0.         0.         0.         0.         1.57079633 1.57079633
 0.         0.        ]",8,20,,,3.0004274411908227,0.02643057978988785,1.0,0.0,1e-06,,,0.0,0.0,0.0,,11.0,11.0,1.8796928513950482,1.9385640107720712
0.05,"[-1.49694000e-03 -7.57420000e-04  0.00000000e+00  0.00000000e+00
  1.56929938e+00  1.57003891e+00  9.69282000e-02  9.69282000e-02]",8,20,,,2.997578078393737,0.031224330853130762,0.97768784,0.17792049,0.14979327,,,-0.0,-0.00148302,-0.00148302,,11.021697180730799,11.021694981375603,1.8973090784121318,1.9667659615381208
0.1,"[ 1.56949000e-02 -1.70229000e-03 -9.00000000e-08 -7.32300000e-05
  1.56744170e+00  1.56909128e+00  1.93621760e-01  1.93617510e-01]",8,20,,,2.9936443144151994,0.02746490813608409,0.91324544,0.35304587,0.29786318,,,-0.0,0.05367416,0.05367416,,11.043817678781275,11.040936763157445,2.0018652903958376,2.0418883439733317
0.15000000000000002,"[ 5.34075700e-02 -1.73232000e-03 -5.82800000e-05 -2.36100000e-04
  1.56744913e+00  1.56906713e+00  2.89305680e-01  2.89293020e-01]",8,20,,,2.994273942187584,0.08589797098638191,0.81352727,0.5236983,0.44281493,,,0.0,0.16644201,0.16644201,,11.064693420418335,11.036990477610443,1.9319821281880158,2.0154995538713876
0.2,"[ 1.08244370e-01 -1.19262000e-03 -7.54130000e-04 -3.88520000e-04
  1.56852168e+00  1.56956475e+00  3.77300920e-01  3.77277040e-01]",8,20,,,2.993783023990616,0.16728056946502687,0.68881177,0.6852971,0.58318634,,,0.0,0.32806433,0.32806433,,11.084696444255245,10.977070241894182,1.9309137621027295,2.0264367058117885
0.25,"[ 1.78498200e-01  9.94450000e-04 -3.77745000e-03 -4.84470000e-04
  1.57224748e+00  1.57136509e+00  4.57767920e-01  4.57727040e-01]",8,20,,,2.9877442124526876,0.2707843377565191,0.55153921,0.83713939,0.7174164,,,0.0,0.52969684,0.52969684,,11.104852156647253,10.824273410788875,1.8591617643015521,2.0186992209521373
0.3,"[ 2.59922570e-01  4.97953000e-03 -1.16466800e-02 -4.13850000e-04
  1.57820667e+00  1.57432467e+00  5.28798670e-01  5.28751670e-01]",8,20,,,2.958662711127118,0.3806216832213602,0.4152599,0.97717211,0.84331889,,,0.0,0.75693233,0.75693233,,11.125823260856112,10.552876714727923,1.9449541280613794,2.158546175351712
0.35,"[ 3.53644040e-01  1.22562200e-02 -2.90276400e-02 -9.33600000e-05
  1.58791454e+00  1.57920001e+00  5.93135020e-01  5.93168570e-01]",8,20,,,2.8834192798807465,0.4865505589884669,0.29321951,1.10512331,0.95760381,,,0.0,1.00475192,1.00475192,,11.14897503172484,10.139448605537622,2.1129562624146745,2.4739122752757567
0.39999999999999997,"[ 4.60727960e-01  2.32560600e-02 -6.25077600e-02  6.16090000e-04
  1.60108543e+00  1.58599514e+00  6.51009060e-01  6.51325220e-01]",8,20,,,2.7308725117412593,0.5615714858469546,0.19663076,1.21852722,1.05505387,,,0.0,1.26339249,1.26339249,,11.174006162563817,9.577845574008544,2.3629150735590065,3.039628280369405
0.44999999999999996,"[ 0.58259855  0.0367767  -0.11940647  0.00178438  1.61580278  1.59416247
  0.70155879  0.70240841]",8,20,,,1.5145631945529412,0.02823018074235692,0.13140274,1.31356623,1.12916327,,,0.0,1.51243885,1.51243885,,11.200143958095834,8.912672675487833,8.643093087004159,8.774667687402792
0.49999999999999994,"[ 0.7486555   0.03523113 -0.54436365  0.00255418  1.61590098  1.59764059
  0.74382983  0.73324901]",8,20,,,1.2362594579195896,0.005662941440572646,0.1215726,1.30916104,1.14133902,,,0.0,1.23616814,1.23616814,,11.29367615869487,9.765564495622506,9.71714095944478,9.741239835422006
0.5499999999999999,"[ 1.02226665  0.01376766 -0.74883165  0.00336054  1.60715052  1.60117384
  0.77473435  0.76153863]",8,20,,,1.0472396064743041,0.004214099536856826,0.11617438,1.30757546,1.14817801,,,0.0,1.04718819,1.04718819,,11.357049028583406,10.260445922782365,10.216120671370014,10.238229453292481
0.6,"[ 1.33085922 -0.02017305 -0.8267065   0.00383215  1.58734201  1.60301518
  0.78374903  0.79799338]",8,20,,,0.9690009785052232,0.01775887732227823,0.11261078,1.31218902,1.15275731,,,-0.0,0.94964455,0.94964455,,11.394859404896568,10.493034626500062,10.35121414034992,10.403555324451204
0.65,"[ 1.64855253 -0.05948783 -0.84930629  0.00337285  1.57202722  1.59941261
  0.78679107  0.82141106]",8,20,,,0.9341500578365238,0.011317630605403119,0.10831116,1.3196963,1.1583552,,,0.0,0.8871871,0.8871871,,11.424761241802475,10.637660297949132,10.485312625845962,10.518718768546227
0.7000000000000001,"[ 1.96889978 -0.10392109 -0.83861706  0.00350018  1.56989029  1.58836023
  0.79092547  0.81889281]",8,20,,,0.8323965480305809,0.010806862159308319,0.10389507,1.32764298,1.16419278,,,0.0,0.83002835,0.83002835,,11.454559173340094,10.765612104483933,10.67675940248661,10.719217281326738
0.7500000000000001,"[ 2.28867061 -0.15358407 -0.79526735  0.01002624  1.60868228  1.5705303
  0.81676757  0.75588895]",8,20,,,0.7541707409265586,0.004815715472584062,0.10189601,1.3338948,1.16686628,,,0.0,0.75409852,0.75409852,,11.487243491170975,10.918578917411269,10.862893484285959,10.89068173449361
0.8000000000000002,"[ 2.60615625 -0.20430149 -0.69030479  0.01396184  1.62240088  1.54909786
  0.79419687  0.72998524]",8,20,,,0.6236186788007636,0.01252189513830378,0.09753496,1.34738828,1.17276948,,,0.0,0.62204506,0.62204506,,11.537749602385825,11.150809543895555,10.98203336049129,11.065441353163953
0.8500000000000002,"[ 2.91179216 -0.24431723 -0.43352763  0.02004653  1.63851579  1.52995642
  0.73983717  0.70565835]",8,20,,,2.116553293395952,0.25759246967275373,0.08610559,1.37852972,1.1887493,,,-0.0,0.34290439,0.34290439,,11.624999520431622,11.50741609880993,5.762734680081295,6.453968178363833
0.9000000000000002,"[ 3.1503948  -0.25856323 -0.35917882  0.0320798   1.66749473  1.51912682
  0.69787065  0.65982414]",8,20,,,2.53167428856853,0.02765971566825882,0.04813826,1.35185361,1.24947643,,,0.0,-0.19329799,-0.19329799,,11.768683554735262,11.731319440027992,5.125876580264762,5.242592715800525
0.9500000000000003,"[ 3.37888145 -0.25574429 -0.35914653  0.0433017   1.70675039  1.51592756
  0.66281963  0.61698368]",8,20,,,2.5814153541724845,0.29445934227029946,0.02940668,1.30777273,1.28725773,,,0.0,-0.75233844,-0.75233844,,11.950421392195238,11.384408263212467,4.329144549698444,4.807930355568115
0,"[0.         0.         0.         0.         1.57079633 1.57079633
 0.         0.        ]",8,20,,,1.118033988749895,2.9893262541293075e-16,1.0,0.0,1e-06,,,0.5,0.5,0.0,,1.25,1.0,4.872021667012184e-34,8.778280905789402e-33
0.05,"[ 0.         -0.         -0.         -0.          1.57079633  1.57079633
  0.          0.        ]",8,20,,,1.118033988749895,2.9893262541293075e-16,0.9975026,0.05589442,0.04998958,,,0.5,0.5,0.0,,1.25,1.0,4.872021667012184e-34,8.778280905789402e-33
0.1,"[ 0.         -0.         -0.         -0.          1.57079633  1.57079633
  0.          0.        ]",8,20,,,1.118033988749895,2.9893262541293075e-16,0.9900416,0.11174518,0.09991656,,,0.5,0.5,-0.0,,1.25,1.0,4.872021667012184e-34,8.778280905789402e-33
0.15000000000000002,"[ 0.         -0.         -0.         -0.          1.57079633  1.57079633
  0.          0.        ]",8,20,,,1.118033988749895,2.9893262541293075e-16,0.97771015,0.16750864,0.14971795,,,0.5,0.5,0.0,,1.25,1.0,4.872021667012184e-34,8.778280905789402e-33
0.2,"[ 0.         -0.         -0.         -0.          1.57079633  1.57079633
  0.          0.        ]",8,20,,,1.118033988749895,2.9893262541293075e-16,0.96066224,0.22314124,0.19932995,,,0.5,0.5,0.0,,1.25,1.0,4.872021667012184e-34,8.778280905789402e-33
0.25,"[ 0.         -0.         -0.         -0.          1.57079633  1.57079633
  0.          0.        ]",8,20,,,1.118033988749895,2.90406998409122e-16,0.93911074,0.27859953,0.2486875,,,0.5,0.5,0.0,,1.25,1.0,4.338867857107184e-34,7.958378599554151e-33
0.3,"[ 0.         -0.         -0.         -0.          1.57079633  1.57079633
  0.          0.        ]",8,20,,,1.118033988749895,2.8911696292318567e-16,0.91332478,0.33384017,0.2977238,,,0.5,0.5,0.0,,1.25,1.0,4.370615895527251e-34,8.060058701978556e-33
0.35,"[ 0.         -0.         -0.         -0.          1.57079633  1.57079633
  0.          0.        ]",8,20,,,1.118033988749895,2.8139012598600637e-16,0.88362633,0.38882002,0.34636972,,,0.5,0.5,0.0,,1.25,1.0,4.496983845800257e-34,7.623771571348287e-33
0.39999999999999997,"[ 0.         -0.         -0.         -0.          1.57079633  1.57079633
  0.          0.        ]",8,20,,,1.118033988749895,2.8139012598600637e-16,0.85038625,0.44349612,0.39455318,,,0.5,0.5,0.0,,1.25,1.0,4.496983845800257e-34,7.623771571348287e-33
0.44999999999999996,"[ 0.         -0.         -0.         -0.          1.57079633  1.57079633
  0.          0.        ]",8,20,,,1.118033988749895,2.8139012598600637e-16,0.8140196,0.49782576,0.44219827,,,0.5,0.5,-0.0,,1.25,1.0,4.496983845800257e-34,7.623771571348287e-33
0.49999999999999994,"[ 0.         -0.         -0.         -0.          1.57079633  1.57079633
  0.          0.        ]",8,20,,,1.118033988749895,2.855823593602619e-16,0.77498048,0.55176651,0.48922437,,,0.5,0.5,0.0,,1.25,1.0,3.833347927124765e-34,7.577565561634758e-33
0.5499999999999999,"[ 0.         -0.         -0.         -0.          1.57079633  1.57079633
  0.          0.        ]",8,20,,,1.118033988749895,2.855823593602619e-16,0.73375639,0.60527621,0.53554492,,,0.5,0.5,0.0,,1.25,1.0,3.833347927124765e-34,7.577565561634758e-33
0.6,"[ 0.         -0.         -0.         -0.          1.57079633  1.57079633
  0.          0.        ]",8,20,,,1.118033988749895,2.843028583878258e-16,0.69086209,0.65831307,0.58106602,,,0.5,0.5,0.0,,1.25,1.0,4.029902099858602e-34,7.57762571177202e-33
0.65,"[ 0.         -0.         -0.         -0.          1.57079633  1.57079633
  0.          0.        ]",8,20,,,1.118033988749895,2.8898907386367674e-16,0.64683319,0.71083566,0.62568458,,,0.5,0.5,0.0,,1.25,1.0,3.9658028388442505e-34,7.318526140792034e-33
0.7000000000000001,"[ 0.         -0.         -0.         -0.          1.57079633  1.57079633
  0.          0.        ]",8,20,,,1.118033988749895,2.8898907386367674e-16,0.60221949,0.76280294,0.66928616,,,0.5,0.5,0.0,,1.25,1.0,3.9658028388442505e-34,7.318526140792034e-33
0.7500000000000001,"[ 0.         -0.         -0.         -0.          1.57079633  1.57079633
  0.          0.        ]",8,20,,,1.118033988749895,2.8898907386367674e-16,0.55757807,0.81417433,0.71174223,,,0.5,0.5,0.0,,1.25,1.0,3.9658028388442505e-34,7.318526140792034e-33
0.8000000000000002,"[ 0.         -0.         -0.         -0.          1.57079633  1.57079633
  0.          0.        ]",8,20,,,1.118033988749895,2.8898907386367674e-16,0.51346637,0.86490968,0.7529068,,,0.5,0.5,0.0,,1.25,1.0,3.9658028388442505e-34,7.318526140792034e-33
0.8500000000000002,"[ 0.         -0.         -0.         -0.          1.57079633  1.57079633
  0.          0.        ]",8,20,,,1.118033988749895,2.8898907386367674e-16,0.47043522,0.91496936,0.79261239,,,0.5,0.5,-0.0,,1.25,1.0,3.9658028388442505e-34,7.318526140792033e-33
0.9000000000000002,"[ 0.         -0.         -0.         -0.          1.57079633  1.57079633
  0.          0.        ]",8,20,,,1.118033988749895,2.8898907386367674e-16,0.42902194,0.96431427,0.8306652,,,0.5,0.5,-0.0,,1.25,1.0,3.9658028388442505e-34,7.318526140792033e-33
0.9500000000000003,"[ 0.         -0.         -0.         -0.          1.57079633  1.57079633
  0.          0.        ]",8,20,,,1.118033988749895,2.8898907386367674e-16,0.38974366,1.01290586,0.86683963,,,0.5,0.5,-0.0,,1.25,1.0,3.9658028388442505e-34,7.318526140792033e-33
0,"[0.         0.         0.         0.         1.57079633 1.57079633
 0.         0.        ]",8,1,,,0.8004781227913977,0.014340448085646728,1.0,0.0,1e-06,,,0.0,0.0,0.0,,1.64,1.64,0.9542983864943101,0.976766580713335
1.0,"[-0.0149695  -0.00757422 -0.         -0.          1.55582682  1.56322211
 -0.0149695   1.95353316]",8,1,,,0.28763802264513066,0.025035467550242548,0.47820919,1.09820085,0.78545948,,,0.0,-0.00021014,-0.00021014,,1.6309887865821895,1.6309887424221934,1.452979019114077,1.5006160647325348
0,"[0.         0.         0.         0.         1.57079633 1.57079633
 0.         0.        ]",8,1,,,0.8004781227913977,0.014340448085646728,1.0,0.0,1e-06,,,0.0,0.0,0.0,,1.64,1.64,0.9542983864943101,0.976766580713335
1.0,"[-0.0149695  -0.00757422 -0.         -0.          1.55582682  1.56322211
 -0.0149695   1.95353316]",8,1,,,0.28763802264513066,0.025035467550242548,0.47820919,1.09820085,0.78545948,,,0.0,-0.00021014,-0.00021014,,1.6309887865821895,1.6309887424221934,1.452979019114077,1.5006160647325348
0,"[0.         0.         0.         0.         1.57079633 1.57079633
 0.         0.        ]",8,1,,,0.8004781183183911,0.014340381047904707,1.0,0.0,1e-06,,,0.0,0.0,0.0,,1.64,1.64,0.9542985987968271,0.9767666904451374
0,"[0.78641215 0.38487082 0.76062407 0.42770714 0.26507494 0.58129185
 0.05290203 0.70437158]",8,1,,,1.0599252174246527,0.2334747980605813,1.0,0.0,1e-06,,,-0.17886812,-0.17886812,0.0,,2.319639139332719,2.2876453365536396,0.831949602579576,0.998076736300259
1.0,"[ 2.46035236  0.09951872  0.84102356  0.50692976  0.75822187  0.99264579
 -0.08420684  1.06600591]",8,1,,,1000,0.11479395248583288,0.18839736,1.0699887,1.06391011,,,-0.17886812,0.09220174,0.27106986,,2.3761933279655456,2.3676921666908934,1.91103326830098,2.172916426675233
0,"[0.78641215 0.38487082 0.76062407 0.42770714 0.26507494 0.58129185
 0.05290203 0.70437158]",8,1,,,1.0599252174246527,0.2334747980605813,1.0,0.0,1e-06,,,-0.17886812,-0.17886812,0.0,,2.319639139332719,2.2876453365536396,0.831949602579576,0.998076736300259
1.0,"[ 2.46035236  0.09951872  0.84102356  0.50692976  0.75822187  0.99264579
 -0.08420684  1.06600591]",8,1,,,1000,0.11479395248583288,0.18839736,1.0699887,1.06391011,,,-0.17886812,0.09220174,0.27106986,,2.3761933279655456,2.3676921666908934,1.91103326830098,2.172916426675233
0,"[0.78641215 0.38487082 0.76062407 0.42770714 0.26507494 0.58129185
 0.05290203 0.70437158]",8,1,,,1.0599264605563286,0.23347504654745357,1.0,0.0,1e-06,,,-0.17886812,-0.17886812,0.0,,2.319639139332719,2.2876453365536396,0.8319451155484304,0.998073175157302
1.0,"[ 2.46034875  0.0995208   0.84102222  0.50692904  0.75821818  0.99264089
 -0.08420463  1.06600089]",8,1,,,1000,0.11480504638973825,0.18839879,1.06998698,1.06390855,,,-0.17886812,0.09220319,0.27107131,,2.376192173248949,2.367690745107961,1.9109077790842848,2.1728345877566007
0,"[0.78641215 0.38487082 0.76062407 0.42770714 0.26507494 0.58129185
 0.05290203 0.70437158]",8,1,,,1.0599003921788828,0.23346983767171076,1.0,0.0,1e-06,,,-0.17886812,-0.17886812,0.0,,2.319639139332719,2.2876453365536396,0.8320392051993645,0.9981478502060273
1.0,"[ 2.46042429  0.09947718  0.84105015  0.50694405  0.75829562  0.99274381
 -0.08425099  1.06610606]",8,1,,,1000,0.11475878089407524,0.18836871,1.07002313,1.06394112,,,-0.17886812,0.09217281,0.27104093,,2.3762163741213547,2.3677205463035853,1.9112636676501136,2.173092439944705
0,"[0.78641215 0.38487082 0.76062407 0.42770714 0.26507494 0.58129185
 0.05290203 0.70437158]",8,1,,,0.6162370062468555,0.15842127568997086,1.0,0.0,1e-06,,,-0.17886812,-0.17886812,0.0,,2.319639139332719,2.2876453365536396,1.1068692633414863,1.5073832760135193
1.0,"[ 2.34790346 -1.06365633  1.09885476  0.74292439  1.26510103  2.00317771
 -0.85436965  2.18110899]",8,1,,,0.035079452100485374,0.011899369946971411,0.09457943,1.32970949,1.1768282,,,-0.17886812,-1.30187412,-1.12300601,,2.3688293228838857,0.6739530964398521,0.632712853733536,0.6527176911068595
0,"[0.78641215 0.38487082 0.76062407 0.42770714 0.26507494 0.58129185
 0.05290203 0.70437158]",8,1,,,0.6162380944576499,0.1584215624006768,1.0,0.0,1e-06,,,-0.17886812,-0.17886812,0.0,,2.319639139332719,2.2876453365536396,1.10686779099686,1.5073818692448522
1.0,"[ 2.34790347 -1.06365439  1.09885417  0.74292399  1.26509878  2.00317472
 -0.8543676   2.18110609]",8,1,,,0.035081000442696075,0.011899685686412587,0.09457942,1.3297093,1.17682822,,,-0.17886812,-1.30187566,-1.12300755,,2.368831296272943,0.6739510570823979,0.6327099880339644,0.6527151842621509
0,"[0.78641215 0.38487082 0.76062407 0.42770714 0.26507494 0.58129185
 0.05290203 0.70437158]",8,1,,,1.2179578066944483,0.49245286846862785,0.9992488,0.02741051,0.02741051,,,-0.70896541,-0.73994162,-0.03097622,,2.3087500000000003,1.7612363942948759,0.5315234363494825,0.6621416238674844
1.0,"[ 1.83623062 -0.24367203  0.6556577  -0.17764999 -0.10449033  0.3228719
 -0.03596535  0.91116187]",8,1,,,0.7946146219563099,0.14098809220283587,0.18667556,1.22182462,1.06577702,,,-0.70896541,-0.53799413,0.17097128,,1.9056250000000003,1.6161873198407322,0.8997230751547376,1.0039715467497266
0,"[0.78641215 0.38487082 0.76062407 0.42770714 0.26507494 0.58129185
 0.05290203 0.70437158]",8,1,,,1.255243609341486,0.484228560579657,0.9999806,0.00440428,0.00440428,,,-0.74598413,-0.73455903,0.0114251,,2.312736,1.7731590283445735,0.5085239832079823,0.6078181540956706
0,"[0.78641215 0.38487082 0.76062407 0.42770714 0.26507494 0.58129185
 0.05290203 0.70437158]",8,1,,,1.2547578594429412,0.4896922454404342,0.99999116,0.00297381,0.00297381,,,-0.73633195,-0.73815795,-0.001826,,2.30672,1.7618428374135595,0.5006465824326612,0.5993140144994148
1.0,"[ 1.89728527 -0.29718969  0.60269619 -0.10819975 -0.02086759  0.36980917
 -0.10111347  0.98843759]",8,1,,,0.8628236103911452,0.16334797237750748,0.17539931,1.21350956,1.07814005,,,-0.73633195,-0.4327758,0.30355615,,1.9739839999999997,1.7866891108180103,0.8687254336184016,0.9722512204849953
0,"[0.78641215 0.38487082 0.76062407 0.42770714 0.26507494 0.58129185
 0.05290203 0.70437158]",8,1,,,1.2592321508227036,0.489456896213089,0.99997843,0.00464388,0.00464388,,,-0.74294014,-0.74576048,-0.00282035,,2.3143040000000004,1.7581453012374446,0.49466463880513084,0.5953165948177797
1.0,"[ 1.86131543e+00 -2.72508060e-01  5.87662320e-01 -9.26994900e-02
  8.47200000e-05  3.53503300e-01 -8.97270700e-02  9.70004620e-01]",8,1,,,0.8749748875025957,0.1548880662212347,0.18153801,1.22018107,1.0713797,,,-0.74294014,-0.46620845,0.27673169,,1.9825920000000004,1.7652416857554603,0.8657958111218502,0.9696238048488353
0,"[0.78641215 0.38487082 0.76062407 0.42770714 0.26507494 0.58129185
 0.05290203 0.70437158]",8,1,,,1.0600727656344797,0.23263949954800028,0.99999275,0.00269217,0.00269217,,,-0.74511868,-0.74238493,0.00273374,,2.327264,1.7761286147338122,0.8187689131737035,0.9936809925668844
0,"[0.78641215 0.38487082 0.76062407 0.42770714 0.26507494 0.58129185
 0.05290203 0.70437158]",8,1,,,0.6310887407339274,0.16528298382844803,0.99998618,0.00371784,0.00371784,,,-0.7449915,-0.74818378,-0.00319229,,2.317408,1.7576290294149004,1.0774651745017156,1.4807676831422907
0,"[0.78641215 0.38487082 0.76062407 0.42770714 0.26507494 0.58129185
 0.05290203 0.70437158]",8,1,,,0.6162378301387326,0.1584214927606134,1.0,0.0,1e-06,,,-0.17886812,-0.17886812,0.0,,2.319639139332719,2.2876453365536396,1.1068681486190626,1.5073822109393042
1.0,"[ 2.34790347 -1.06365486  1.09885432  0.74292409  1.26509933  2.00317545
 -0.8543681   2.18110679]",8,1,,,0.035081079375662474,0.011899771312450418,0.09457942,1.32970934,1.17682821,,,-0.17886812,-1.30187529,-1.12300717,,2.368830816951946,0.6739515524234734,0.6327101177729119,0.6527154940331118
0,"[0.78641215 0.38487082 0.76062407 0.42770714 0.26507494 0.58129185
 0.05290203 0.70437158]",8,1,,,1.0599297175346816,0.23347569762021037,1.0,0.0,1e-06,,,-0.17886812,-0.17886812,0.0,,2.319639139332719,2.2876453365536396,0.8319333595538155,0.9980638449971526
1.0,"[ 2.46033932  0.09952625  0.84101874  0.50692717  0.75820851  0.99262803
 -0.08419884  1.06598776]",8,1,,,1000,0.11481137279941332,0.18840255,1.06998246,1.06390449,,,-0.17886812,0.09220698,0.2710751,,2.376189147611678,2.367687020380775,1.9108566026175398,2.172798060264367
0,"[0.78641215 0.38487082 0.76062407 0.42770714 0.26507494 0.58129185
 0.05290203 0.70437158]",8,1,,,1.0599365792173772,0.23347706947766786,1.0,0.0,1e-06,,,-0.17886812,-0.17886812,0.0,,2.31963913933272,2.2876453365536404,0.8319085921274036,0.9980441883590042
1.0,"[ 2.46031943  0.09953773  0.84101139  0.50692322  0.75818813  0.99260094
 -0.08418664  1.06596007]",8,1,,,1000,0.11481684875476968,0.18841046,1.06396949,1.06389592,,,-0.17886812,0.09221496,0.27108308,,2.376182771867363,2.367679172265568,1.910844593860424,2.1727824989839646
0,"[0.78641215 0.38487082 0.76062407 0.42770714 0.26507494 0.58129185
 0.05290203 0.70437158]",8,1,,,0.6162367680713341,0.15842121293791417,1.0,0.0,1e-06,,,-0.17886812,-0.17886812,0.0,,2.31963913933272,2.2876453365536404,1.1068695855922277,1.5073835839114325
1.0,"[ 2.34790345 -1.06365676  1.09885489  0.74292447  1.26510152  2.00317836
 -0.85437009  2.18110962]",8,1,,,0.03508023481002061,0.011899700944881518,0.09457943,1.46190966,1.1768282,,,-0.17886812,-1.30187378,-1.12300567,,2.368828890967991,0.673953542798817,0.6327120850162637,0.6527175024703775
